window_index,observed_min_entropy,predicted_min_entropy
0,1.5405683813627027,1.5906090638623005
1,1.4301443916690522,1.5379066644161823
2,1.4301443916690522,1.5191637482123832
3,1.5081469036703252,1.431827703302537
4,1.4454111483223626,1.5009558232120273
5,1.5405683813627027,1.522708635347547
6,1.3852901558847919,1.414048504936007
7,1.573735245297902,1.5388272878168114
8,1.3706433799203903,1.4740382213222332
9,1.3706433799203903,1.480829426046305
10,1.3852901558847919,1.5010419797536023
11,1.3275746580285044,1.4932454318563084
12,1.5405683813627027,1.50801052411072
13,1.4764380439429872,1.5413971727167168
14,1.4000871578128724,1.4728414623339858
15,1.3561438102252754,1.564229353889483
16,1.4000871578128724,1.4086034873998925
17,1.5405683813627027,1.4260327619607398
18,1.3561438102252754,1.5424331398011972
19,1.573735245297902,1.2642728850470084
20,1.5405683813627027,1.4810394649882845
21,1.4454111483223626,1.437631885823742
22,1.4922053598013036,1.4854347681158049
23,1.5081469036703252,1.445753800736319
24,1.4000871578128724,1.4973317169874916
25,1.415037499278844,1.5526682683446436
26,1.3852901558847919,1.5128215266201668
27,1.4922053598013036,1.4911049383200696
28,1.5405683813627027,1.5218519675755724
29,1.4922053598013036,1.4583066813200798
30,1.5242665690336021,1.5682982516828323
31,1.5242665690336021,1.4425388428576658
32,1.5242665690336021,1.4681965943977309
33,1.5570565041512716,1.4790483985912246
34,1.5081469036703252,1.5317133858720373
35,1.5405683813627027,1.5051817427604974
36,1.4000871578128724,1.4359052201567963
37,1.4764380439429872,1.5593591849742958
38,1.5081469036703252,1.4998789090694875
39,1.3561438102252754,1.5236773661539635
40,1.3134994728167817,1.5269267601310557
41,1.4764380439429872,1.4930139514314753
42,1.5405683813627027,1.4597057352484197
43,1.5081469036703252,1.5806956787504147
44,1.3417885172482054,1.5344840031178493
45,1.4922053598013036,1.4861246058835398
46,1.573735245297902,1.4966441282646257
47,1.4608411888919686,1.5122637705167725
48,1.4922053598013036,1.5057571720790257
49,1.4764380439429872,1.5596031083585153
50,1.3852901558847919,1.4900548494525194
51,1.3706433799203903,1.5583330753584959
52,1.3852901558847919,1.538709379737339
53,1.5405683813627027,1.52391725154572
54,1.5242665690336021,1.5100153819436786
55,1.4764380439429872,1.5304266790539107
56,1.4764380439429872,1.54228512220459
57,1.5081469036703252,1.5052122238370393
58,1.4454111483223626,1.5289676061901905
59,1.3852901558847919,1.5467611400779966
60,1.3417885172482054,1.52177179711374
61,1.4454111483223626,1.5362123508792662
62,1.4764380439429872,1.5138906868591486
63,1.4922053598013036,1.557288678814335
64,1.3417885172482054,1.5376794873214292
65,1.3706433799203903,1.5190401217287928
66,1.5570565041512716,1.5580053193764136
67,1.4454111483223626,1.4709734695407732
68,1.4000871578128724,1.5549771586760037
69,1.3706433799203903,1.5606379195927436
70,1.4454111483223626,1.5717809148342927
71,1.2857544823338773,1.497967465154099
72,1.5242665690336021,1.4783082728641201
73,1.5242665690336021,1.5755376819669755
74,1.4454111483223626,1.564520027990605
75,1.3852901558847919,1.5090014004604215
76,1.3275746580285044,1.5772291115617862
77,1.4764380439429872,1.5545691465381455
78,1.5570565041512716,1.5301774309799476
79,1.4454111483223626,1.5448103109483788
80,1.3852901558847919,1.540546389136493
81,1.4000871578128724,1.5676286972772315
82,1.415037499278844,1.5184173432589463
83,1.5405683813627027,1.5188291456530947
84,1.4922053598013036,1.5743183901645323
85,1.5570565041512716,1.5295672334436632
86,1.5405683813627027,1.5174194673118102
87,1.5242665690336021,1.5211628118862661
88,1.4922053598013036,1.5679105747104138
89,1.5570565041512716,1.5139768817547554
90,1.5242665690336021,1.5229608961274446
91,1.3852901558847919,1.5263031364371553
92,1.3417885172482054,1.538971246675758
93,1.5405683813627027,1.537901331976059
94,1.3706433799203903,1.5706704272062317
95,1.5081469036703252,1.5708481061212514
96,1.4608411888919686,1.569849950631293
97,1.4454111483223626,1.5533831811317225
98,1.5405683813627027,1.4926612561834425
99,1.4922053598013036,1.581338018170549
100,1.4764380439429872,1.5232777329412985
101,1.415037499278844,1.5436693536617283
102,1.3417885172482054,1.5405906519637123
103,1.4608411888919686,1.5706047060776775
104,1.4301443916690522,1.5569888772093345
105,1.5242665690336021,1.5341222862150001
106,1.4922053598013036,1.546970703976534
107,1.4764380439429872,1.5582272661963545
108,1.4608411888919686,1.5665551262311705
109,1.5081469036703252,1.5789051237268392
110,1.3561438102252754,1.5004215495051954
111,1.4454111483223626,1.5616756348822673
112,1.4000871578128724,1.5307218834653813
113,1.5081469036703252,1.537771552101847
114,1.4000871578128724,1.561117368203013
115,1.4608411888919686,1.5626630317459465
116,1.4301443916690522,1.5633521270898438
117,1.5570565041512716,1.5396192915624878
118,1.4000871578128724,1.5531564470677377
119,1.5081469036703252,1.5789485658279125
120,1.4608411888919686,1.5527192051977672
121,1.4454111483223626,1.507699425845524
122,1.3852901558847919,1.5202787978115742
123,1.5242665690336021,1.5600444092149086
124,1.4301443916690522,1.5296612648909598
125,1.4454111483223626,1.5157648850589418
126,1.415037499278844,1.544927012792501
127,1.4922053598013036,1.5417872370907668
128,1.4764380439429872,1.5029107729268993
129,1.4922053598013036,1.570880962448326
130,1.573735245297902,1.5574357649913424
131,1.5405683813627027,1.5450401366969475
132,1.3561438102252754,1.539517590967615
133,1.2857544823338773,1.5050258386046573
134,1.415037499278844,1.5687204634696579
135,1.4764380439429872,1.581197717373009
136,1.4764380439429872,1.5729054524452848
137,1.415037499278844,1.526128697567353
138,1.5242665690336021,1.5179946291245743
139,1.573735245297902,1.5598018001392446
140,1.5405683813627027,1.5024982405082863
141,1.4922053598013036,1.5653336167990544
142,1.3852901558847919,1.5651311373693342
143,1.5570565041512716,1.5804475670742109
144,1.3706433799203903,1.5251335827965118
145,1.5081469036703252,1.5545590762522206
146,1.3134994728167817,1.5423170265421966
147,1.5242665690336021,1.5482387611698953
148,1.4764380439429872,1.5457508585915325
149,1.4764380439429872,1.55072195336278
150,1.4922053598013036,1.5608544401862718
151,1.4922053598013036,1.5666828533787507
152,1.3706433799203903,1.5704449392103186
153,1.4608411888919686,1.5397942888741667
154,1.5081469036703252,1.5309558597260793
155,1.4608411888919686,1.560850473386806
156,1.2995602818589078,1.5209179347423791
157,1.4922053598013036,1.5312799412874294
158,1.4000871578128724,1.5061114984278583
159,1.5570565041512716,1.5524429763221275
160,1.3134994728167817,1.5631482254782059
161,1.5570565041512716,1.5523229304286856
162,1.5081469036703252,1.5189003349529486
163,1.5405683813627027,1.5643945335087772
164,1.4764380439429872,1.572230233402891
165,1.4764380439429872,1.5761303703904774
166,1.5242665690336021,1.553370290123771
167,1.4608411888919686,1.5515487821152454
168,1.4764380439429872,1.5344740593249604
169,1.4454111483223626,1.5486188671372998
170,1.4764380439429872,1.5710356584354572
171,1.5242665690336021,1.5627036468309716
172,1.5242665690336021,1.5769014643018537
173,1.5081469036703252,1.5789687188986719
174,1.5242665690336021,1.5480883509457721
175,1.4608411888919686,1.5717483585404277
176,1.3134994728167817,1.5657185426143807
177,1.2720795454368008,1.5623966178890911
178,1.573735245297902,1.5732212297074308
179,1.5405683813627027,1.5320018468951073
180,1.2857544823338773,1.534406562763408
181,1.5242665690336021,1.519462368634767
182,1.3275746580285044,1.5402463129875235
183,1.5081469036703252,1.575987685315529
184,1.4922053598013036,1.5411271352594078
185,1.3561438102252754,1.5452708816087675
186,1.3561438102252754,1.5602689455549665
187,1.4301443916690522,1.5584286063798523
188,1.5242665690336021,1.5590137896014562
189,1.4764380439429872,1.5660416163186797
190,1.4764380439429872,1.5232775665925598
191,1.5405683813627027,1.5759537213504242
192,1.5570565041512716,1.5668769991985196
193,1.3561438102252754,1.545457179786473
194,1.3417885172482054,1.5345021858269714
195,1.5242665690336021,1.5490754673500016
196,1.4301443916690522,1.578371383886641
197,1.415037499278844,1.5552408989924407
198,1.5242665690336021,1.5514454434435492
199,1.573735245297902,1.552190396230215
200,1.4764380439429872,1.5608707122330734
201,1.3417885172482054,1.5476693095950946
202,1.5081469036703252,1.520306979296075
203,1.3852901558847919,1.5450197776494738
204,1.4922053598013036,1.5378785229987553
205,1.4454111483223626,1.5539463809200504
206,1.5242665690336021,1.5259319969733278
207,1.415037499278844,1.5460044876106744
208,1.4764380439429872,1.5639393327088864
209,1.4454111483223626,1.5448861641161191
210,1.5570565041512716,1.567602772787571
211,1.5081469036703252,1.5500917082254002
212,1.4454111483223626,1.5324836792255379
213,1.5405683813627027,1.578776759407475
214,1.2995602818589078,1.5271587515761336
215,1.4764380439429872,1.5650490639789592
216,1.4608411888919686,1.5584480579038922
217,1.5570565041512716,1.5587493165233566
218,1.5242665690336021,1.5722977952194563
219,1.4454111483223626,1.5701070565863153
220,1.4922053598013036,1.5264236058252103
221,1.4922053598013036,1.5453376334798756
222,1.4608411888919686,1.5757765836488273
223,1.3134994728167817,1.5821743975601972
224,1.5570565041512716,1.5642151062821132
225,1.4000871578128724,1.5458877451740582
226,1.4454111483223626,1.5780375412081455
227,1.3134994728167817,1.5723589934564255
228,1.415037499278844,1.578824719845571
229,1.5081469036703252,1.5585657519884526
230,1.4608411888919686,1.5598262165599626
231,1.4922053598013036,1.5431936765901988
232,1.4764380439429872,1.5656540331221744
233,1.4764380439429872,1.5574246103276252
234,1.4608411888919686,1.5116180932614969
235,1.4764380439429872,1.5688224357367768
236,1.4764380439429872,1.5724390355494258
237,1.4764380439429872,1.560706885303436
238,1.4764380439429872,1.5340189789040994
239,1.4608411888919686,1.5521409661890238
240,1.4608411888919686,1.5814084086280336
241,1.5081469036703252,1.560021211989817
242,1.4608411888919686,1.5731938398513714
243,1.4608411888919686,1.5376835933660429
244,1.2995602818589078,1.5670792043908943
245,1.4764380439429872,1.5670348914645864
246,1.4922053598013036,1.5374923687476958
247,1.2995602818589078,1.5617785838492468
248,1.3852901558847919,1.5726984723330253
249,1.3275746580285044,1.5647028944342865
250,1.415037499278844,1.548805806957977
251,1.5242665690336021,1.5569893857024022
252,1.5405683813627027,1.5652456560289736
253,1.5081469036703252,1.5652244591155386
254,1.573735245297902,1.5329334690815064
255,1.5570565041512716,1.5595496453095707
256,1.4764380439429872,1.5754650393590268
257,1.4764380439429872,1.568529196585634
258,1.4301443916690522,1.5571143096014504
259,1.3706433799203903,1.5644136814010032
260,1.4764380439429872,1.574013133790306
261,1.4301443916690522,1.5628159090431195
262,1.4764380439429872,1.53980543105286
263,1.5081469036703252,1.5216074680334357
264,1.5081469036703252,1.5512231725769667
265,1.4454111483223626,1.5669630081803407
266,1.415037499278844,1.5757718151860796
267,1.2995602818589078,1.560046719734229
268,1.5081469036703252,1.535037628854835
269,1.4000871578128724,1.538356767170196
270,1.3134994728167817,1.5643877620952518
271,1.4301443916690522,1.5582135910772266
272,1.3561438102252754,1.5642020414679547
273,1.5081469036703252,1.5525657727199933
274,1.5405683813627027,1.5455453025234904
275,1.4608411888919686,1.5252600455763525
276,1.3852901558847919,1.5757302646861848
277,1.4764380439429872,1.5611855838899709
278,1.3561438102252754,1.5749788764967199
279,1.4922053598013036,1.5804503616711756
280,1.4764380439429872,1.571046248988404
281,1.4301443916690522,1.5545994265977245
282,1.4608411888919686,1.5363095802756603
283,1.415037499278844,1.5750528436432814
284,1.415037499278844,1.5429006765068407
285,1.415037499278844,1.5657450641531354
286,1.4301443916690522,1.5588757450277901
287,1.5242665690336021,1.5822473757605076
288,1.2451124978365316,1.5717450897388843
289,1.5081469036703252,1.5599819780894075
290,1.3561438102252754,1.564715691617051
291,1.4922053598013036,1.5790260324527128
292,1.5242665690336021,1.546184459767389
293,1.4922053598013036,1.5559710757971839
294,1.5242665690336021,1.563461597180349
295,1.5242665690336021,1.5801568392851009
296,1.4301443916690522,1.544446474163761
297,1.5242665690336021,1.5389178487757693
298,1.4922053598013036,1.5777837743168404
299,1.258533013598853,1.5461422441875572
300,1.4922053598013036,1.5663346259914441
301,1.5405683813627027,1.5544162685944094
302,1.4301443916690522,1.5515814311292737
303,1.5405683813627027,1.560023957836346
304,1.4454111483223626,1.5610964926439295
305,1.4608411888919686,1.5598283886679798
306,1.573735245297902,1.5674169281458485
307,1.3852901558847919,1.5771622006923263
308,1.4608411888919686,1.5453452802347374
309,1.5570565041512716,1.5662050787030355
310,1.4922053598013036,1.557188099865579
311,1.4000871578128724,1.5639453600908582
312,1.4608411888919686,1.5728198318245152
313,1.415037499278844,1.5692339260896488
314,1.5570565041512716,1.5752382943753422
315,1.5405683813627027,1.5616145966339376
316,1.5570565041512716,1.5595709216695963
317,1.4922053598013036,1.5829878897052698
318,1.4301443916690522,1.546165542416084
319,1.4608411888919686,1.564828728211706
320,1.5570565041512716,1.5680308438293706
321,1.415037499278844,1.5554514117998983
322,1.4764380439429872,1.5651100670560902
323,1.5570565041512716,1.5770241128111966
324,1.5405683813627027,1.5394033353192158
325,1.5242665690336021,1.5733512598521948
326,1.5242665690336021,1.5337722609509647
327,1.4922053598013036,1.5615009866081655
328,1.3275746580285044,1.5661465342406262
329,1.4454111483223626,1.5727218735889312
330,1.5081469036703252,1.5502330575083931
331,1.3706433799203903,1.5545730077607145
332,1.3275746580285044,1.5656947338946285
333,1.5242665690336021,1.5455785328687635
334,1.415037499278844,1.5737232226623283
335,1.5081469036703252,1.5621125951945944
336,1.3852901558847919,1.5735725782282126
337,1.4608411888919686,1.5788382788975857
338,1.5405683813627027,1.5675322463433101
339,1.4922053598013036,1.5609281531118924
340,1.4764380439429872,1.561902940538346
341,1.5570565041512716,1.5677717580154664
342,1.3852901558847919,1.5649594588150668
343,1.3852901558847919,1.5697385534504675
344,1.5405683813627027,1.5704575987246745
345,1.4454111483223626,1.5805738346460616
346,1.4454111483223626,1.553268427564365
347,1.5081469036703252,1.53768021595506
348,1.3706433799203903,1.5579097899731076
349,1.4454111483223626,1.5781686888953803
350,1.4454111483223626,1.5740792371877252
351,1.4301443916690522,1.5646261057372768
352,1.3706433799203903,1.5541627846550807
353,1.4764380439429872,1.568469448069106
354,1.5242665690336021,1.5589859979069283
355,1.4454111483223626,1.564942485935623
356,1.5405683813627027,1.559593655018065
357,1.3706433799203903,1.568592614158215
358,1.4764380439429872,1.570280616278485
359,1.3706433799203903,1.572741426295148
360,1.4301443916690522,1.563000268903777
361,1.5405683813627027,1.564649110324917
362,1.5405683813627027,1.560112529665249
363,1.573735245297902,1.5602674820869948
364,1.4000871578128724,1.5645529317785356
365,1.4922053598013036,1.5431021899617303
366,1.5242665690336021,1.565967194534167
367,1.5081469036703252,1.5666294471450668
368,1.5405683813627027,1.5677068101725773
369,1.4764380439429872,1.542385487774522
370,1.5570565041512716,1.546413840249854
371,1.5242665690336021,1.5725005941613066
372,1.4454111483223626,1.5622096716911438
373,1.3706433799203903,1.5268336857499785
374,1.4922053598013036,1.5701972084287859
375,1.4922053598013036,1.5733692311045244
376,1.415037499278844,1.5569961538867885
377,1.3852901558847919,1.570495984322028
378,1.3852901558847919,1.5616533894700357
379,1.5405683813627027,1.5613771643282306
380,1.4454111483223626,1.572496444936142
381,1.5405683813627027,1.569547505091709
382,1.415037499278844,1.572633770554149
383,1.5242665690336021,1.5418455480715667
384,1.5081469036703252,1.5756596442228272
385,1.3561438102252754,1.5602043516144135
386,1.4922053598013036,1.5560538111805458
387,1.5405683813627027,1.5688047452546117
388,1.4608411888919686,1.566245362892562
389,1.5242665690336021,1.5744919123253698
390,1.5081469036703252,1.5413394269312366
391,1.4301443916690522,1.5589149650418799
392,1.5405683813627027,1.5561163544577647
393,1.4608411888919686,1.5556350852526135
394,1.5405683813627027,1.5774580102131963
395,1.4000871578128724,1.5345752221421423
396,1.5405683813627027,1.5691844605372827
397,1.4454111483223626,1.5709079698999224
398,1.5081469036703252,1.5266315785722944
399,1.3561438102252754,1.5410727920411478
400,1.4454111483223626,1.5668129383780802
401,1.2720795454368008,1.5650378354036654
402,1.4000871578128724,1.5704537633568125
403,1.4922053598013036,1.5721962957173858
404,1.4301443916690522,1.565397328235745
405,1.3275746580285044,1.5579399954769964
406,1.3852901558847919,1.5648751945905879
407,1.4301443916690522,1.5644826616189376
408,1.3852901558847919,1.5637025698543838
409,1.4454111483223626,1.5690685161008031
410,1.5081469036703252,1.5653996143322664
411,1.415037499278844,1.557411755776041
412,1.5081469036703252,1.5180882677334673
413,1.5570565041512716,1.5690556363892352
414,1.5081469036703252,1.5490929997782095
415,1.4922053598013036,1.5658445397191518
416,1.415037499278844,1.5739933461095805
417,1.5081469036703252,1.5624860091930501
418,1.5570565041512716,1.5426205717175154
419,1.5081469036703252,1.5563750756506554
420,1.415037499278844,1.5668426434629465
421,1.5570565041512716,1.5720415717570508
422,1.4922053598013036,1.5633340539664673
423,1.573735245297902,1.5545418944963323
424,1.5405683813627027,1.556987386222618
425,1.4764380439429872,1.5580451491339404
426,1.4922053598013036,1.5402247198523922
427,1.4000871578128724,1.5571327958885524
428,1.415037499278844,1.5529517584626964
429,1.4764380439429872,1.5588284611198873
430,1.4301443916690522,1.5751913238663013
431,1.4301443916690522,1.5539054769067375
432,1.4764380439429872,1.5669959963717512
433,1.4764380439429872,1.5695216984909723
434,1.5242665690336021,1.5646040777675403
435,1.4454111483223626,1.5724117443280803
436,1.415037499278844,1.5741030919223071
437,1.5081469036703252,1.5622687888844546
438,1.5081469036703252,1.562850435523868
439,1.4301443916690522,1.559628650945321
440,1.415037499278844,1.5584437465988994
441,1.4301443916690522,1.563673209898922
442,1.5570565041512716,1.5628298118792379
443,1.5570565041512716,1.5789051867693176
444,1.4764380439429872,1.573044842458733
445,1.4922053598013036,1.554463854599438
446,1.4454111483223626,1.580821398774607
447,1.4301443916690522,1.5525024821298317
448,1.5242665690336021,1.5517193763957142
449,1.4764380439429872,1.572177796127282
450,1.4764380439429872,1.5745023336344857
451,1.4000871578128724,1.5645045516816538
452,1.3706433799203903,1.5738760342157774
453,1.5081469036703252,1.5717130526143586
454,1.4454111483223626,1.538229491510837
455,1.4454111483223626,1.5451959489850302
456,1.3417885172482054,1.564211964415045
457,1.3561438102252754,1.5680602734655975
458,1.5081469036703252,1.5711895713916486
459,1.4301443916690522,1.5491401840444543
460,1.3561438102252754,1.5801609652083515
461,1.4301443916690522,1.5528394673666055
462,1.3275746580285044,1.5626802045205765
463,1.4764380439429872,1.5756553507659092
464,1.573735245297902,1.5615411296583024
465,1.3706433799203903,1.5334462347086544
466,1.4000871578128724,1.5537373891166357
467,1.3561438102252754,1.567466162487539
468,1.4000871578128724,1.5560184109045476
469,1.3852901558847919,1.5631891091732608
470,1.4608411888919686,1.5633211621420022
471,1.5081469036703252,1.5798452305506003
472,1.4922053598013036,1.5748861282532225
473,1.4454111483223626,1.5651169269206249
474,1.4922053598013036,1.5730788179640374
475,1.4764380439429872,1.5647586173188386
476,1.5570565041512716,1.549373093791158
477,1.5081469036703252,1.5574563167493205
478,1.5570565041512716,1.5716855699508236
479,1.415037499278844,1.5612432772207712
480,1.5405683813627027,1.5797095939210277
481,1.4301443916690522,1.560020453855334
482,1.3561438102252754,1.5787567299198588
483,1.4922053598013036,1.5763396065547748
484,1.5081469036703252,1.5652398288210774
485,1.4000871578128724,1.553240762424108
486,1.2857544823338773,1.5765594087559294
487,1.4608411888919686,1.5669315052618602
488,1.4922053598013036,1.5659060979778034
489,1.5242665690336021,1.5420210400324992
490,1.5242665690336021,1.5482993459817511
491,1.4764380439429872,1.5605239678667684
492,1.3852901558847919,1.5728875667147273
493,1.4000871578128724,1.558895102864254
494,1.4922053598013036,1.564943833806221
495,1.4922053598013036,1.5730944795946904
496,1.4608411888919686,1.5460177346822073
497,1.5081469036703252,1.5632795575754603
498,1.4922053598013036,1.5673594731438723
499,1.5405683813627027,1.5774982107487314
500,1.4608411888919686,1.5784881646221327
501,1.3561438102252754,1.539490045594271
502,1.4000871578128724,1.5843033643718503
503,1.4454111483223626,1.5650340116217074
504,1.4454111483223626,1.5388662006367206
505,1.5242665690336021,1.5624710664807204
506,1.415037499278844,1.5615916290035583
507,1.5405683813627027,1.5617391064046036
508,1.415037499278844,1.552849656517601
509,1.4454111483223626,1.5741426389355269
510,1.4764380439429872,1.5602406563466487
511,1.5242665690336021,1.5723979662178256
512,1.5242665690336021,1.5677781565416922
513,1.4301443916690522,1.5743506826628142
514,1.4608411888919686,1.5732692367013807
515,1.4454111483223626,1.5585069341416835
516,1.4301443916690522,1.5843878678329952
517,1.5570565041512716,1.5740100769961851
518,1.4922053598013036,1.539754547387394
519,1.415037499278844,1.554393370710899
520,1.5242665690336021,1.5801461688355618
521,1.5242665690336021,1.559408180082917
522,1.5081469036703252,1.5584007661661725
523,1.4922053598013036,1.5748703435213969
524,1.4301443916690522,1.5711155234698282
525,1.4301443916690522,1.5753846152903468
526,1.4764380439429872,1.5745500774853598
527,1.3417885172482054,1.5543093252727704
528,1.3852901558847919,1.53711360536889
529,1.5242665690336021,1.5573199888018834
530,1.5405683813627027,1.5590112071201299
531,1.5242665690336021,1.5370248061420109
532,1.4608411888919686,1.5672408700385596
533,1.5081469036703252,1.5690316541840341
534,1.4608411888919686,1.560130525043089
535,1.3852901558847919,1.5678813244377847
536,1.4922053598013036,1.572323734994168
537,1.3417885172482054,1.5778566776071934
538,1.5570565041512716,1.5574032502027182
539,1.5570565041512716,1.5670574626588882
540,1.415037499278844,1.5682784510474275
541,1.4764380439429872,1.5542280162826483
542,1.3852901558847919,1.5746466443716736
543,1.4301443916690522,1.569599898934871
544,1.4454111483223626,1.5805009321788515
545,1.4608411888919686,1.5626521300716048
546,1.4608411888919686,1.5536718684437825
547,1.3561438102252754,1.565756917678052
548,1.4301443916690522,1.567152748803202
549,1.4454111483223626,1.5653347004536569
550,1.4922053598013036,1.5644030597582674
551,1.4454111483223626,1.563307713284438
552,1.5081469036703252,1.5470119260060773
553,1.4922053598013036,1.5570956877002242
554,1.5081469036703252,1.567920553810357
555,1.5242665690336021,1.5471572687887696
556,1.5570565041512716,1.573089419661241
557,1.5405683813627027,1.5751388703149924
558,1.5405683813627027,1.552263280743085
559,1.573735245297902,1.5491221006416755
560,1.4922053598013036,1.5537592643573983
561,1.4454111483223626,1.5678624147540494
562,1.5242665690336021,1.5796853206020172
563,1.5570565041512716,1.5411234474571958
564,1.4922053598013036,1.5526109186319705
565,1.4000871578128724,1.5673037905215768
566,1.5081469036703252,1.5680268448775292
567,1.3561438102252754,1.5511578724393973
568,1.2318156752230736,1.5820087718773932
569,1.4608411888919686,1.560789242811588
570,1.4764380439429872,1.545681525592174
571,1.1926450779423958,1.5522106382581167
572,1.4000871578128724,1.5504260166450512
573,1.4608411888919686,1.5727887753989234
574,1.415037499278844,1.579198923700777
575,1.573735245297902,1.5528621976217518
576,1.3852901558847919,1.5446710226429055
577,1.4454111483223626,1.5690215954521178
578,1.4454111483223626,1.5693419821889396
579,1.5081469036703252,1.5739591437609133
580,1.5081469036703252,1.5639180246075854
581,1.4922053598013036,1.5647969167939313
582,1.573735245297902,1.5722096954938836
583,1.4922053598013036,1.5420530833088706
584,1.415037499278844,1.5257704171315916
585,1.415037499278844,1.5721845240875292
586,1.5242665690336021,1.5433496486393885
587,1.415037499278844,1.5538648538808604
588,1.3417885172482054,1.5645190041951726
589,1.5242665690336021,1.5771244511233349
590,1.5405683813627027,1.578633621109213
591,1.3134994728167817,1.5750193636428322
592,1.4301443916690522,1.5628620156883128
593,1.5405683813627027,1.5730663021110138
594,1.4608411888919686,1.5452953530533067
595,1.5405683813627027,1.5665556339763276
596,1.4000871578128724,1.562281339279203
597,1.4301443916690522,1.5415149985615995
598,1.415037499278844,1.5713658345292474
599,1.415037499278844,1.5642993754593255
600,1.4922053598013036,1.5621367662917587
601,1.4301443916690522,1.5637267028331912
602,1.5081469036703252,1.5434684649558654
603,1.4454111483223626,1.5699917724629375
604,1.4764380439429872,1.559954032873836
605,1.4922053598013036,1.5456910910525432
606,1.4922053598013036,1.5737626853567004
607,1.5242665690336021,1.5565734891941303
608,1.4922053598013036,1.5628110215339943
609,1.4922053598013036,1.5558794197599009
610,1.3417885172482054,1.5792660152170426
611,1.5242665690336021,1.5570841560361715
612,1.5081469036703252,1.5742877681336072
613,1.5242665690336021,1.5786687987158996
614,1.4301443916690522,1.5640484962300993
615,1.415037499278844,1.5678000376894428
616,1.4301443916690522,1.5428741959496295
617,1.5570565041512716,1.5542207317738541
618,1.3706433799203903,1.5637637424646265
619,1.4454111483223626,1.549789729530572
620,1.4922053598013036,1.5465980957357324
621,1.4764380439429872,1.5685501390205807
622,1.5405683813627027,1.5577092477468175
623,1.2186402864753405,1.5518080972486537
624,1.5242665690336021,1.5497013445858459
625,1.3417885172482054,1.5486383720501524
626,1.4608411888919686,1.5546795804171865
627,1.5242665690336021,1.5771427855487665
628,1.4608411888919686,1.5444361565004778
629,1.4922053598013036,1.5801103495038138
630,1.4764380439429872,1.5723569880996924
631,1.4454111483223626,1.5689451000001997
632,1.3852901558847919,1.5552020855675552
633,1.5570565041512716,1.5816681978201088
634,1.5242665690336021,1.5432068868484035
635,1.3134994728167817,1.5612007417248392
636,1.2995602818589078,1.5692868349475548
637,1.4922053598013036,1.5551075239191885
638,1.4608411888919686,1.5632481337953086
639,1.2995602818589078,1.5792585263717898
640,1.2720795454368008,1.5499556293469947
641,1.5242665690336021,1.5474462957175805
642,1.4764380439429872,1.5746627322050264
643,1.3275746580285044,1.5595044347563063
644,1.4922053598013036,1.5567967866454153
645,1.4000871578128724,1.5411703637347407
646,1.4764380439429872,1.5662134405308028
647,1.5081469036703252,1.5614593574810611
648,1.5081469036703252,1.5745962638316775
649,1.3852901558847919,1.5815978372678563
650,1.415037499278844,1.5488303745621346
651,1.3134994728167817,1.5693918168065686
652,1.5405683813627027,1.539249829177442
653,1.4922053598013036,1.542997760331859
654,1.3852901558847919,1.5645736190386184
655,1.5242665690336021,1.574244693169064
656,1.4922053598013036,1.554846938918944
657,1.415037499278844,1.5775025146909416
658,1.4454111483223626,1.557225023164195
659,1.4301443916690522,1.5525485324341624
660,1.4454111483223626,1.54079604822496
661,1.3561438102252754,1.5658466115885266
662,1.3706433799203903,1.5794723835985027
663,1.4454111483223626,1.573631872286635
664,1.5081469036703252,1.558870931800021
665,1.4000871578128724,1.5643672402612756
666,1.3852901558847919,1.5446016275399834
667,1.5570565041512716,1.5576388366602636
668,1.4922053598013036,1.5707645635107383
669,1.5405683813627027,1.5709022598042968
670,1.4922053598013036,1.5398531623546714
671,1.4922053598013036,1.5673424273753491
672,1.4000871578128724,1.557696048109998
673,1.4301443916690522,1.5661902181134122
674,1.4000871578128724,1.5587817576256466
675,1.4000871578128724,1.5675561773796494
676,1.3275746580285044,1.567039127056403
677,1.5570565041512716,1.5654857357702734
678,1.3852901558847919,1.5680051042476775
679,1.3417885172482054,1.537908476005613
680,1.4922053598013036,1.5664026078096889
681,1.2995602818589078,1.5515850121578156
682,1.415037499278844,1.5403162109616269
683,1.5242665690336021,1.5573266138153263
684,1.4000871578128724,1.555593721499618
685,1.5570565041512716,1.5587293875112147
686,1.415037499278844,1.578352568989357
687,1.4608411888919686,1.570181418263447
688,1.5405683813627027,1.562828328849344
689,1.4764380439429872,1.558619260903978
690,1.2720795454368008,1.5394067845046628
691,1.4922053598013036,1.5730611091961404
692,1.5405683813627027,1.5746839753181123
693,1.4608411888919686,1.574232067336046
694,1.4922053598013036,1.5503280872389622
695,1.5242665690336021,1.5756127642165818
696,1.4000871578128724,1.5718333647324765
697,1.4000871578128724,1.5806162113452917
698,1.2857544823338773,1.5799900436011671
699,1.4764380439429872,1.5605113724988897
700,1.5242665690336021,1.561885493628932
701,1.4608411888919686,1.5387407539814366
702,1.4608411888919686,1.5678689047023242
703,1.5242665690336021,1.566646468970531
704,1.4454111483223626,1.570419917634255
705,1.4000871578128724,1.580813949563337
706,1.4608411888919686,1.565216891200757
707,1.4608411888919686,1.559158404069449
708,1.4922053598013036,1.5652500980396185
709,1.4454111483223626,1.5580283351760444
710,1.3706433799203903,1.5670371547096076
711,1.4922053598013036,1.5648919102570047
712,1.4000871578128724,1.5798287127893498
713,1.5081469036703252,1.5478199775582373
714,1.4922053598013036,1.5607833821715218
715,1.5405683813627027,1.5492898564677902
716,1.5081469036703252,1.5623779814268501
717,1.4922053598013036,1.5512272710014479
718,1.4922053598013036,1.5768519119049207
719,1.3561438102252754,1.5690533784890373
720,1.4000871578128724,1.5684619647437517
721,1.415037499278844,1.5741406917178535
722,1.4764380439429872,1.5573364719126728
723,1.3275746580285044,1.5814042857339372
724,1.4454111483223626,1.5639926102431227
725,1.5242665690336021,1.5778791801091763
726,1.3852901558847919,1.576959041441517
727,1.2186402864753405,1.5782427846831062
728,1.3706433799203903,1.5597385992902517
729,1.3706433799203903,1.578859353838967
730,1.415037499278844,1.5459931961490068
731,1.5405683813627027,1.548927503055431
732,1.4454111483223626,1.5725945837945556
733,1.3417885172482054,1.5630242515927206
734,1.5081469036703252,1.558148658329143
735,1.4608411888919686,1.5650098526046328
736,1.5405683813627027,1.556139839802128
737,1.4922053598013036,1.5767100797111655
738,1.415037499278844,1.5577596372107179
739,1.4454111483223626,1.5590398412198845
740,1.4922053598013036,1.5654551970947508
741,1.4301443916690522,1.5707209961773063
742,1.2720795454368008,1.5665757945821301
743,1.5570565041512716,1.548975302688488
744,1.4608411888919686,1.5705897125057517
745,1.4922053598013036,1.5623741025056184
746,1.3561438102252754,1.5820218914075392
747,1.4764380439429872,1.5727030992605744
748,1.4000871578128724,1.5500283839868079
749,1.4454111483223626,1.5690639070574857
750,1.4922053598013036,1.5777317724766278
751,1.4608411888919686,1.5680009545945552
752,1.5081469036703252,1.5659415042516645
753,1.4922053598013036,1.5629249513212295
754,1.4764380439429872,1.5822802969645209
755,1.5242665690336021,1.5799214346872759
756,1.4608411888919686,1.540790415539738
757,1.573735245297902,1.567931534046718
758,1.4764380439429872,1.565653123826734
759,1.5405683813627027,1.5583732547593723
760,1.4454111483223626,1.545134086110583
761,1.4608411888919686,1.5678030629716873
762,1.4000871578128724,1.5624698703457334
763,1.3417885172482054,1.5602273214911744
764,1.2857544823338773,1.56044414313066
765,1.5405683813627027,1.5648226763996023
766,1.5570565041512716,1.5742268919315494
767,1.4000871578128724,1.544366404411059
768,1.4922053598013036,1.5826179057930323
769,1.4454111483223626,1.5738161842003
770,1.5405683813627027,1.5463216057654405
771,1.5242665690336021,1.5625529636509066
772,1.4301443916690522,1.574243111640249
773,1.4608411888919686,1.5505504867943867
774,1.4301443916690522,1.5735377017007068
775,1.4922053598013036,1.5661919299912939
776,1.4764380439429872,1.5342205397339002
777,1.3852901558847919,1.5821037664391155
778,1.4922053598013036,1.5781024788796645
779,1.4608411888919686,1.5604109915319189
780,1.5405683813627027,1.5559709773522516
781,1.5081469036703252,1.560721371769261
782,1.4922053598013036,1.5615719191622162
783,1.5242665690336021,1.5584366040239253
784,1.5405683813627027,1.5665696021194375
785,1.5081469036703252,1.5841675740457986
786,1.4764380439429872,1.5585234495058335
787,1.4000871578128724,1.567871779370033
788,1.5405683813627027,1.5578995781696343
789,1.4000871578128724,1.5495222719679784
790,1.4000871578128724,1.5339339580307463
791,1.4608411888919686,1.5700098135505285
792,1.2318156752230736,1.5571008094055572
793,1.4922053598013036,1.5675355975298078
794,1.5405683813627027,1.5722898703294053
795,1.415037499278844,1.5704674242273293
796,1.2995602818589078,1.576689792498863
797,1.4454111483223626,1.548144572897727
798,1.5242665690336021,1.552792692726264
799,1.4301443916690522,1.5529834638768976
800,1.5081469036703252,1.5654832983992506
801,1.4608411888919686,1.5590769582082342
802,1.4764380439429872,1.5531503046150938
803,1.5081469036703252,1.5530016862185037
804,1.4922053598013036,1.5680558970210263
805,1.4608411888919686,1.55005141069758
806,1.4454111483223626,1.5666879329832453
807,1.3561438102252754,1.5738234612882191
808,1.4764380439429872,1.5465062074649067
809,1.5405683813627027,1.5783265012982313
810,1.4301443916690522,1.5442896846685992
811,1.415037499278844,1.575180624407475
812,1.5570565041512716,1.5621017796378853
813,1.5242665690336021,1.5555933196111613
814,1.5242665690336021,1.5751185569113868
815,1.4922053598013036,1.5611417022151592
816,1.415037499278844,1.5367534124444815
817,1.4301443916690522,1.5592392952166447
818,1.5242665690336021,1.5469324227850412
819,1.5081469036703252,1.5774913776551502
820,1.4608411888919686,1.575315040993424
821,1.3706433799203903,1.5751716413517833
822,1.5405683813627027,1.5657903567945664
823,1.4764380439429872,1.5729463437899127
824,1.5405683813627027,1.570128927287711
825,1.415037499278844,1.5697203455066198
826,1.5405683813627027,1.5749300388076561
827,1.3417885172482054,1.5531022591120034
828,1.415037499278844,1.5535205981846067
829,1.4608411888919686,1.560595542306307
830,1.4301443916690522,1.5684471360776495
831,1.3417885172482054,1.5679320479619483
832,1.3706433799203903,1.5601203745001155
833,1.4301443916690522,1.57742069703116
834,1.5081469036703252,1.5701130729140877
835,1.5242665690336021,1.5539807223602737
836,1.4454111483223626,1.555960669588722
837,1.4922053598013036,1.5602320750294216
838,1.4608411888919686,1.5785421511485134
839,1.5081469036703252,1.5630899945241572
840,1.4608411888919686,1.5759963362209848
841,1.3275746580285044,1.5627762794378477
842,1.573735245297902,1.5770754785926766
843,1.4608411888919686,1.5805529079364542
844,1.4922053598013036,1.5716971155062676
845,1.5081469036703252,1.5528923022141496
846,1.5242665690336021,1.5510279449297284
847,1.4000871578128724,1.5543091408299854
848,1.4454111483223626,1.5502023611539382
849,1.4301443916690522,1.5222053220603462
850,1.3275746580285044,1.5679292415315884
851,1.3852901558847919,1.5808518083520373
852,1.3852901558847919,1.559076068366233
853,1.4764380439429872,1.5397679660898123
854,1.5242665690336021,1.5723282582217786
855,1.4922053598013036,1.5768180771130567
856,1.4608411888919686,1.5791004294337898
857,1.4000871578128724,1.5678928347723395
858,1.4764380439429872,1.5616889852052886
859,1.5405683813627027,1.56653851766299
860,1.4301443916690522,1.5691908171171636
861,1.4608411888919686,1.562602180355524
862,1.4301443916690522,1.5703122596698342
863,1.5081469036703252,1.5654277413546887
864,1.5405683813627027,1.5636137180461485
865,1.3706433799203903,1.5605977576779282
866,1.5242665690336021,1.5418696094198587
867,1.5242665690336021,1.5464316632591601
868,1.5405683813627027,1.5586488150220312
869,1.5242665690336021,1.5664814604301007
870,1.5570565041512716,1.5542362863413335
871,1.4922053598013036,1.5622710025778104
872,1.4301443916690522,1.5700524007313152
873,1.4301443916690522,1.5724778353884448
874,1.573735245297902,1.569987434130538
875,1.4301443916690522,1.5759523248011822
876,1.5405683813627027,1.5597400905160623
877,1.1671099858352583,1.5549717009430777
878,1.3852901558847919,1.5675086904294324
879,1.5081469036703252,1.5525600474634786
880,1.5570565041512716,1.5570607853275424
881,1.5242665690336021,1.5722435547473441
882,1.4608411888919686,1.5715397852586745
883,1.3706433799203903,1.5714958817108406
884,1.4922053598013036,1.566139609847194
885,1.4301443916690522,1.5566517014782988
886,1.4301443916690522,1.5682210675121546
887,1.5081469036703252,1.5805488787137778
888,1.5081469036703252,1.5733717146996948
889,1.5081469036703252,1.5769746438806058
890,1.5405683813627027,1.5695452588219718
891,1.415037499278844,1.5325731527324384
892,1.4454111483223626,1.5801040935085018
893,1.3417885172482054,1.5703154961553973
894,1.4454111483223626,1.5726458670183647
895,1.4922053598013036,1.5347347644494582
896,1.4764380439429872,1.5731087225666627
897,1.4608411888919686,1.5348426874479617
898,1.5405683813627027,1.5627471402107544
899,1.3417885172482054,1.5496753884775463
900,1.4764380439429872,1.5632837631694514
901,1.3706433799203903,1.5626856191501786
902,1.415037499278844,1.5669408220226209
903,1.4301443916690522,1.563048402987429
904,1.5081469036703252,1.5636967689626151
905,1.4454111483223626,1.580865395868683
906,1.3706433799203903,1.5771438994410187
907,1.2995602818589078,1.5756917951825014
908,1.4764380439429872,1.572734706410911
909,1.5405683813627027,1.540629480936482
910,1.5405683813627027,1.5613189702512422
911,1.5081469036703252,1.5765870177863996
912,1.573735245297902,1.5535797396871445
913,1.4301443916690522,1.5602284761597696
914,1.4301443916690522,1.567832679386624
915,1.5081469036703252,1.5735248786326526
916,1.415037499278844,1.5540572184501875
917,1.4454111483223626,1.5647577079165356
918,1.2720795454368008,1.546799113654449
919,1.3852901558847919,1.5432115382179152
920,1.4922053598013036,1.5699338161571665
921,1.4454111483223626,1.575189902409034
922,1.5570565041512716,1.5461605854876197
923,1.4000871578128724,1.5577078803471833
924,1.4454111483223626,1.559916177753296
925,1.3706433799203903,1.560888517484306
926,1.415037499278844,1.557845896606484
927,1.4922053598013036,1.5633460470795708
928,1.4922053598013036,1.570548281823684
929,1.5242665690336021,1.5567686232472873
930,1.4922053598013036,1.5669429269833377
931,1.5242665690336021,1.5466934829138117
932,1.5081469036703252,1.5570083085050608
933,1.4000871578128724,1.5669235106432338
934,1.4301443916690522,1.5667283526196465
935,1.4301443916690522,1.5695610191153426
936,1.4000871578128724,1.5668794524363057
937,1.3417885172482054,1.566415747427354
938,1.5405683813627027,1.5766857296546795
939,1.4000871578128724,1.5680771655792085
940,1.4922053598013036,1.546305695835815
941,1.415037499278844,1.5689585887597237
942,1.5570565041512716,1.5668690096862923
943,1.4608411888919686,1.5383502940931453
944,1.4608411888919686,1.5653610979716286
945,1.5405683813627027,1.5684394342715917
946,1.5081469036703252,1.57732780510454
947,1.5081469036703252,1.5553086186037421
948,1.5242665690336021,1.566971279859406
949,1.4922053598013036,1.5589116176442122
950,1.5405683813627027,1.5484111905485891
951,1.5405683813627027,1.5472067845288373
952,1.4922053598013036,1.5568909888480902
953,1.5570565041512716,1.5714078362050041
954,1.5081469036703252,1.573943538517241
955,1.4922053598013036,1.564553235480159
956,1.4454111483223626,1.5740076626895727
957,1.3134994728167817,1.5794688610037957
958,1.4454111483223626,1.5475327535499426
959,1.4922053598013036,1.575336236180911
960,1.573735245297902,1.5633375281769832
961,1.4454111483223626,1.5480079388527122
962,1.3706433799203903,1.562840509673516
963,1.2995602818589078,1.570776619282864
964,1.5081469036703252,1.5692693199230747
965,1.573735245297902,1.575163996923272
966,1.5081469036703252,1.575063450930734
967,1.4000871578128724,1.5651637658344115
968,1.4301443916690522,1.553426157721218
969,1.5570565041512716,1.5531340146809325
970,1.4764380439429872,1.5618671370366621
971,1.4764380439429872,1.5521712173284254
972,1.5081469036703252,1.565061567660631
973,1.4922053598013036,1.5637225496374265
974,1.3275746580285044,1.5525392736134043
975,1.3706433799203903,1.572999225129747
976,1.573735245297902,1.563047897346282
977,1.4922053598013036,1.5453617886821638
978,1.415037499278844,1.5588939368008818
979,1.4454111483223626,1.5640283294743844
980,1.4922053598013036,1.5661276539235685
981,1.5081469036703252,1.5467690869905322
982,1.3561438102252754,1.5696421202889432
983,1.4922053598013036,1.5610880072541462
984,1.4454111483223626,1.5626725284837355
985,1.3852901558847919,1.5744612377258964
986,1.4608411888919686,1.563428879643394
987,1.5242665690336021,1.5609539974854498
988,1.4922053598013036,1.5350089683035717
989,1.5081469036703252,1.5700928835256724
990,1.3417885172482054,1.5567724582625806
991,1.5242665690336021,1.5775773090595469
992,1.5242665690336021,1.5584028507596561
993,1.5242665690336021,1.546958855948222
994,1.4301443916690522,1.5725789218928576
995,1.258533013598853,1.5423260365187772
996,1.4608411888919686,1.5546459626229505
997,1.4608411888919686,1.566303428972653
998,1.5242665690336021,1.5757382569374359
999,1.5242665690336021,1.553246252827206
1000,1.4608411888919686,1.5741171006895174
1001,1.4764380439429872,1.558746287232886
1002,1.4922053598013036,1.5742792343449117
1003,1.4922053598013036,1.573853499741639
1004,1.415037499278844,1.5670093237165645
1005,1.5081469036703252,1.5608811348063019
1006,1.4608411888919686,1.5536764880352325
1007,1.4301443916690522,1.5531523136339371
1008,1.4000871578128724,1.5554179922655555
1009,1.4000871578128724,1.576709516455315
1010,1.5405683813627027,1.5507143756319384
1011,1.415037499278844,1.5415007356836719
1012,1.5570565041512716,1.5579057021371479
1013,1.5242665690336021,1.558103691022857
1014,1.3134994728167817,1.5432461907760153
1015,1.5081469036703252,1.5116600201015664
1016,1.3706433799203903,1.5608571608808148
1017,1.4454111483223626,1.5586462191699473
1018,1.4000871578128724,1.5758129763149893
1019,1.4301443916690522,1.5598147165805107
1020,1.4922053598013036,1.5637871647304211
1021,1.5081469036703252,1.5837300778244041
1022,1.5242665690336021,1.5650012252014418
1023,1.4922053598013036,1.5547353997657654
1024,1.4764380439429872,1.5756721612346773
1025,1.3706433799203903,1.5474901714017557
1026,1.5570565041512716,1.5722820667498822
1027,1.4922053598013036,1.5511459030894137
1028,1.4000871578128724,1.576853117031943
1029,1.5242665690336021,1.5735439119922046
1030,1.3417885172482054,1.5729744643458161
1031,1.3275746580285044,1.5687891985227724
1032,1.5570565041512716,1.5526690731257575
1033,1.5405683813627027,1.5705988147476206
1034,1.415037499278844,1.5615772835945447
1035,1.573735245297902,1.5236661269195004
1036,1.5405683813627027,1.5635608006287869
1037,1.4454111483223626,1.5815938023222202
1038,1.5081469036703252,1.5643731443820252
1039,1.5570565041512716,1.5649161496340591
1040,1.4301443916690522,1.582978755703442
1041,1.4454111483223626,1.5729712195478196
1042,1.4301443916690522,1.5794149248673417
1043,1.4764380439429872,1.5499653409184355
1044,1.5081469036703252,1.5129709536103013
1045,1.5081469036703252,1.5384720781149315
1046,1.4922053598013036,1.5799111729618767
1047,1.4608411888919686,1.562408425459079
1048,1.258533013598853,1.5627757254555128
1049,1.4764380439429872,1.5446140965613624
1050,1.4608411888919686,1.5427284046396905
1051,1.4608411888919686,1.5723335101438267
1052,1.415037499278844,1.5603439201118248
1053,1.2857544823338773,1.5764461983069364
1054,1.4608411888919686,1.5740933481715722
1055,1.5242665690336021,1.5524910282030304
1056,1.3417885172482054,1.5552014974751214
1057,1.4301443916690522,1.5804734471893498
1058,1.5081469036703252,1.5737615172437442
1059,1.4301443916690522,1.5811214023925266
1060,1.4608411888919686,1.5644123802331946
1061,1.5570565041512716,1.5537996817249256
1062,1.415037499278844,1.5695931429659007
1063,1.4301443916690522,1.5808847786536098
1064,1.4764380439429872,1.5746855677085891
1065,1.3852901558847919,1.5536189652395584
1066,1.415037499278844,1.579401852768302
1067,1.415037499278844,1.551461946091378
1068,1.5405683813627027,1.5731841676397382
1069,1.3417885172482054,1.5527359994595664
1070,1.4454111483223626,1.5332847854041118
1071,1.3417885172482054,1.5719751558934822
1072,1.4608411888919686,1.5790276713911682
1073,1.5242665690336021,1.563504872825203
1074,1.5405683813627027,1.5598024734452058
1075,1.4608411888919686,1.566006577735171
1076,1.3561438102252754,1.5508759686958637
1077,1.4000871578128724,1.5756333260288775
1078,1.573735245297902,1.575100502360225
1079,1.4922053598013036,1.57632763379248
1080,1.2857544823338773,1.5783234203486816
1081,1.4764380439429872,1.565921294677687
1082,1.4922053598013036,1.5633095262538816
1083,1.4764380439429872,1.5642781243233894
1084,1.5242665690336021,1.5732115223522831
1085,1.4608411888919686,1.5516251486920343
1086,1.4301443916690522,1.5713168733350507
1087,1.573735245297902,1.5613625273443474
1088,1.5081469036703252,1.5623753494489019
1089,1.3706433799203903,1.57021006399762
1090,1.5242665690336021,1.5774789302015326
1091,1.5242665690336021,1.5675942015751736
1092,1.5570565041512716,1.5483987435959161
1093,1.5405683813627027,1.5703924532052396
1094,1.415037499278844,1.557414843259761
1095,1.5405683813627027,1.564152084162729
1096,1.4922053598013036,1.5748513598326792
1097,1.5242665690336021,1.5616939057730255
1098,1.4301443916690522,1.5610457783091234
1099,1.3852901558847919,1.5555206895731475
1100,1.4922053598013036,1.5635803785678188
1101,1.5405683813627027,1.5621876962696546
1102,1.415037499278844,1.563540826485151
1103,1.4764380439429872,1.5767294231601334
1104,1.4922053598013036,1.5558819341635897
1105,1.4608411888919686,1.5595081738942966
1106,1.5405683813627027,1.566828207491506
1107,1.4454111483223626,1.5503646288767745
1108,1.5081469036703252,1.583067621540268
1109,1.3852901558847919,1.5641043488163529
1110,1.4454111483223626,1.5698721037239476
1111,1.4922053598013036,1.581182546659417
1112,1.4000871578128724,1.5697291423414583
1113,1.415037499278844,1.5523275537476338
1114,1.4454111483223626,1.5600100026079204
1115,1.415037499278844,1.5739350678098982
1116,1.4764380439429872,1.5624821420372368
1117,1.5081469036703252,1.5668958115393399
1118,1.2857544823338773,1.5804029938942736
1119,1.2720795454368008,1.572380290503
1120,1.4454111483223626,1.5713669220657744
1121,1.4608411888919686,1.5586335891479182
1122,1.4922053598013036,1.5789795597322465
1123,1.4301443916690522,1.5730248080446656
1124,1.3134994728167817,1.5698265875739852
1125,1.5405683813627027,1.5510247123365104
1126,1.415037499278844,1.5769220961199877
1127,1.5242665690336021,1.5539180545209887
1128,1.5242665690336021,1.555528031064929
1129,1.5081469036703252,1.5638565838968037
1130,1.3706433799203903,1.5745099413094015
1131,1.415037499278844,1.575556729866046
1132,1.4922053598013036,1.5816201901278089
1133,1.3417885172482054,1.5707949793580689
1134,1.5405683813627027,1.5675446448710755
1135,1.5081469036703252,1.5697075723432243
1136,1.3852901558847919,1.5638901068628768
1137,1.4608411888919686,1.5659766278099718
1138,1.3417885172482054,1.5806969389055288
1139,1.3561438102252754,1.5686413264632753
1140,1.3134994728167817,1.5774830707034078
1141,1.4922053598013036,1.568445253527503
1142,1.5242665690336021,1.5694207526347503
1143,1.4454111483223626,1.570142226107189
1144,1.5242665690336021,1.5782241561081418
1145,1.3852901558847919,1.5677016008577638
1146,1.5405683813627027,1.5676919751424594
1147,1.4922053598013036,1.5547435576659157
1148,1.4301443916690522,1.5399190813321335
1149,1.5405683813627027,1.556355679395215
1150,1.4301443916690522,1.5573622242887677
1151,1.4608411888919686,1.5655744121898698
1152,1.4000871578128724,1.5723330834584226
1153,1.3852901558847919,1.562804312588018
1154,1.4000871578128724,1.5245250809663404
1155,1.415037499278844,1.569807657661054
1156,1.4922053598013036,1.570873453297892
1157,1.3852901558847919,1.573148202339647
1158,1.3706433799203903,1.5462140175245895
1159,1.4764380439429872,1.5710392213587219
1160,1.5570565041512716,1.5658677057718862
1161,1.4454111483223626,1.5665330667410626
1162,1.4764380439429872,1.570268284961088
1163,1.415037499278844,1.5671300642395192
1164,1.5242665690336021,1.5477800695023005
1165,1.5570565041512716,1.571419019698837
1166,1.4454111483223626,1.554656990260705
1167,1.4764380439429872,1.5516875870480131
1168,1.4922053598013036,1.5715505376465218
1169,1.4922053598013036,1.5606460909457198
1170,1.5242665690336021,1.5768333795338867
1171,1.573735245297902,1.545501621869351
1172,1.4608411888919686,1.5629957378521855
1173,1.5405683813627027,1.5609502914197222
1174,1.4608411888919686,1.5616363765913566
1175,1.4922053598013036,1.554385280003244
1176,1.415037499278844,1.550882856796647
1177,1.5405683813627027,1.572399750458258
1178,1.3852901558847919,1.573598104928192
1179,1.4454111483223626,1.5396879971510453
1180,1.2720795454368008,1.5424254147039127
1181,1.415037499278844,1.5359977807624665
1182,1.3134994728167817,1.566912371049692
1183,1.3852901558847919,1.5667158034303672
1184,1.4764380439429872,1.5637487199270401
1185,1.415037499278844,1.5476091849454896
1186,1.3417885172482054,1.5683526658469698
1187,1.3561438102252754,1.5666020181453544
1188,1.4301443916690522,1.563850924491098
1189,1.4301443916690522,1.5565531208581285
1190,1.415037499278844,1.5591455490508188
1191,1.5405683813627027,1.5691233240551639
1192,1.5242665690336021,1.562010100052586
1193,1.4454111483223626,1.533556864156219
1194,1.4764380439429872,1.5677198103589374
1195,1.5405683813627027,1.5564551175236767
1196,1.4301443916690522,1.5736281040595848
1197,1.4764380439429872,1.5662491376902299
1198,1.4764380439429872,1.5666597763766306
1199,1.4922053598013036,1.545917606343686
1200,1.5405683813627027,1.565077680582605
1201,1.4764380439429872,1.5563288059126068
1202,1.5242665690336021,1.5713859534342212
1203,1.5405683813627027,1.560365858593437
1204,1.5081469036703252,1.571735859423617
1205,1.4764380439429872,1.5638701000848816
1206,1.4301443916690522,1.571945125802117
1207,1.4764380439429872,1.5254979863224434
1208,1.3275746580285044,1.5435649304531114
1209,1.4000871578128724,1.5476318226106767
1210,1.4301443916690522,1.5762002127627148
1211,1.3561438102252754,1.5794299863772165
1212,1.3706433799203903,1.5689474017384368
1213,1.4764380439429872,1.5760986147533584
1214,1.5405683813627027,1.5808032495808297
1215,1.4608411888919686,1.5647997529614661
1216,1.3561438102252754,1.5829567236213762
1217,1.415037499278844,1.5737575067215772
1218,1.5081469036703252,1.56857793990135
1219,1.5405683813627027,1.5691183577859797
1220,1.5405683813627027,1.5518715351348122
1221,1.4301443916690522,1.57667025974811
1222,1.3852901558847919,1.5569767720582541
1223,1.3706433799203903,1.5635694783643215
1224,1.4301443916690522,1.5746596445380847
1225,1.4922053598013036,1.5633234042076094
1226,1.5405683813627027,1.5651996548472213
1227,1.4000871578128724,1.5661751612540067
1228,1.4454111483223626,1.5662679832555475
1229,1.5405683813627027,1.5659992764825905
1230,1.4764380439429872,1.5744631736262924
1231,1.415037499278844,1.5735985411114715
1232,1.3561438102252754,1.550330553762695
1233,1.415037499278844,1.5725208630881662
1234,1.4454111483223626,1.553066244361267
1235,1.4608411888919686,1.5579607832028421
1236,1.3134994728167817,1.546147222035648
1237,1.3417885172482054,1.558281310319298
1238,1.4454111483223626,1.5746857696142815
1239,1.4608411888919686,1.5719337401621267
1240,1.3561438102252754,1.5358299197425478
1241,1.415037499278844,1.5805109502973367
1242,1.4922053598013036,1.56257257395767
1243,1.3275746580285044,1.5757595460283331
1244,1.5570565041512716,1.5766680608814891
1245,1.5570565041512716,1.5590750074672903
1246,1.3706433799203903,1.563549632969139
1247,1.4000871578128724,1.5700489864565244
1248,1.3275746580285044,1.5787647952159614
1249,1.4000871578128724,1.5615898415608591
1250,1.5081469036703252,1.577400711874083
1251,1.5242665690336021,1.5800483137034809
1252,1.4454111483223626,1.5763380705753525
1253,1.4301443916690522,1.5756194795553446
1254,1.4301443916690522,1.5573110240226506
1255,1.5405683813627027,1.570530798409674
1256,1.5242665690336021,1.577719630945858
1257,1.573735245297902,1.5362824650974212
1258,1.5242665690336021,1.5589213544111413
1259,1.5570565041512716,1.5618850334829797
1260,1.3561438102252754,1.560744404420797
1261,1.5081469036703252,1.5816730599435873
1262,1.4922053598013036,1.565619954621611
1263,1.4454111483223626,1.568193096077123
1264,1.415037499278844,1.5757165106188116
1265,1.5081469036703252,1.5688112052699268
1266,1.3706433799203903,1.5726939262171933
1267,1.4301443916690522,1.574294645558648
1268,1.573735245297902,1.5546837451598186
1269,1.4301443916690522,1.568241599018313
1270,1.4922053598013036,1.5399146407446977
1271,1.5242665690336021,1.5558461459102302
1272,1.5405683813627027,1.5723447221079527
1273,1.3852901558847919,1.5702811052827987
1274,1.4000871578128724,1.5655643276265014
1275,1.5081469036703252,1.5640769801154117
1276,1.4608411888919686,1.5750258259563792
1277,1.4608411888919686,1.5576654376314405
1278,1.4922053598013036,1.564565675044829
1279,1.4608411888919686,1.5674149282168346
1280,1.4608411888919686,1.5652327874902292
1281,1.5081469036703252,1.5775632319777217
1282,1.3561438102252754,1.514804084044776
1283,1.4301443916690522,1.5638746467497047
1284,1.4301443916690522,1.55814836170591
1285,1.4922053598013036,1.5479189947770002
1286,1.3852901558847919,1.5591029143050055
1287,1.4454111483223626,1.5550144981767018
1288,1.5081469036703252,1.5668976057341573
1289,1.5242665690336021,1.551765123956407
1290,1.4301443916690522,1.5701905110279393
1291,1.5081469036703252,1.5725359221072874
1292,1.415037499278844,1.571041848293997
1293,1.4922053598013036,1.5672024780574565
1294,1.2995602818589078,1.5735163552419507
1295,1.5242665690336021,1.5750224690954624
1296,1.3852901558847919,1.5760672240029017
1297,1.4764380439429872,1.5618933503341317
1298,1.4454111483223626,1.5640208275651482
1299,1.4922053598013036,1.5565572655212123
1300,1.5570565041512716,1.5512937047095303
1301,1.4301443916690522,1.5775826445947747
1302,1.5570565041512716,1.5696275996979345
1303,1.5242665690336021,1.5645189356200413
1304,1.4764380439429872,1.5437597634150477
1305,1.3706433799203903,1.5623377499484825
1306,1.415037499278844,1.569398885641322
1307,1.4000871578128724,1.5645654440576422
1308,1.4608411888919686,1.5707849216351937
1309,1.4301443916690522,1.5402087751495346
1310,1.4454111483223626,1.5471177067230502
1311,1.5405683813627027,1.5556796027352078
1312,1.5405683813627027,1.54285745879084
1313,1.4922053598013036,1.5742553135498054
1314,1.3561438102252754,1.5615752048207407
1315,1.4301443916690522,1.5791934202458233
1316,1.3706433799203903,1.5638773310536858
1317,1.5242665690336021,1.5764584261592753
1318,1.3561438102252754,1.574716039016496
1319,1.4922053598013036,1.5774925778001354
1320,1.4000871578128724,1.5492813984023779
1321,1.4764380439429872,1.5756990084425362
1322,1.5242665690336021,1.5617711990488723
1323,1.4922053598013036,1.5806772662963244
1324,1.3417885172482054,1.5729793926569164
1325,1.4764380439429872,1.5756831399668556
1326,1.4608411888919686,1.5636617129561123
1327,1.5081469036703252,1.5486442441861243
1328,1.415037499278844,1.5490409745411318
1329,1.3561438102252754,1.5583959658123958
1330,1.3852901558847919,1.5439798600021153
1331,1.4764380439429872,1.558024748561664
1332,1.3561438102252754,1.5611236104210364
1333,1.5242665690336021,1.5724452800894344
1334,1.4922053598013036,1.5409006667296048
1335,1.5405683813627027,1.5673357824571368
1336,1.5081469036703252,1.5564844736760923
1337,1.5405683813627027,1.5685208952615222
1338,1.5570565041512716,1.5769002968308121
1339,1.4922053598013036,1.5583993832016065
1340,1.5242665690336021,1.5470732464321746
1341,1.415037499278844,1.559262500981316
1342,1.4301443916690522,1.55310711284146
1343,1.5081469036703252,1.5654499797050818
1344,1.5081469036703252,1.576146102638052
1345,1.4922053598013036,1.5633280756134011
1346,1.5242665690336021,1.5654621577596959
1347,1.5405683813627027,1.5732233508014062
1348,1.2995602818589078,1.5691373565482063
1349,1.2720795454368008,1.5343726184652877
1350,1.5570565041512716,1.5549460361441818
1351,1.5081469036703252,1.55129838546417
1352,1.2857544823338773,1.5631650351316415
1353,1.5405683813627027,1.5323410731070533
1354,1.3852901558847919,1.5542545584801386
1355,1.4922053598013036,1.5743263480962515
1356,1.4454111483223626,1.572054004315139
1357,1.3706433799203903,1.5839413648102376
1358,1.415037499278844,1.5545108118628737
1359,1.4454111483223626,1.5683953231845036
1360,1.5570565041512716,1.5560686675634268
1361,1.5242665690336021,1.5718591169273077
1362,1.4301443916690522,1.552882831652812
1363,1.5242665690336021,1.564826248511959
1364,1.5570565041512716,1.5518383517412093
1365,1.3561438102252754,1.5510528247157391
1366,1.3852901558847919,1.568425155848952
1367,1.4764380439429872,1.5439633578776515
1368,1.415037499278844,1.5717243303991808
1369,1.5081469036703252,1.562476283495803
1370,1.5405683813627027,1.5717322356636207
1371,1.5242665690336021,1.5525904667817862
1372,1.415037499278844,1.5368350246137608
1373,1.3706433799203903,1.5711876804160279
1374,1.4454111483223626,1.5615821731710107
1375,1.4301443916690522,1.539741524576122
1376,1.4764380439429872,1.5549863282211598
1377,1.4608411888919686,1.5578496211457842
1378,1.4922053598013036,1.5458090228483106
1379,1.3852901558847919,1.5693400123770713
1380,1.3852901558847919,1.569033129441029
1381,1.4000871578128724,1.5585775141608686
1382,1.5081469036703252,1.5818317309694605
1383,1.5242665690336021,1.5618090869136443
1384,1.4764380439429872,1.5461441349765286
1385,1.5242665690336021,1.5676439556256652
1386,1.4301443916690522,1.5555830010269305
1387,1.5081469036703252,1.5586828492659524
1388,1.4608411888919686,1.5500122396801
1389,1.5081469036703252,1.5768838748554876
1390,1.5405683813627027,1.557163466052291
1391,1.4608411888919686,1.5744846155495311
1392,1.4922053598013036,1.5617657367408735
1393,1.4454111483223626,1.5756447641891567
1394,1.4301443916690522,1.5630575535500022
1395,1.3417885172482054,1.5739021693532986
1396,1.4608411888919686,1.5680243531944402
1397,1.4608411888919686,1.5571079505934142
1398,1.4922053598013036,1.5729479095056653
1399,1.3134994728167817,1.562334331851293
1400,1.4301443916690522,1.5556616195278803
1401,1.4922053598013036,1.5546384979060681
1402,1.4922053598013036,1.57286329488548
1403,1.4764380439429872,1.5557692469203352
1404,1.3852901558847919,1.552539303001871
1405,1.5405683813627027,1.5612042363682113
1406,1.4000871578128724,1.522578295125381
1407,1.5405683813627027,1.5572805572331603
1408,1.5081469036703252,1.5764886944051126
1409,1.5081469036703252,1.565011429795426
1410,1.5081469036703252,1.5737639610653311
1411,1.4764380439429872,1.5682763696561202
1412,1.5242665690336021,1.5740676032171277
1413,1.5405683813627027,1.56739668639585
1414,1.4922053598013036,1.5795748050008491
1415,1.5081469036703252,1.5800594830082524
1416,1.2995602818589078,1.5474393457976274
1417,1.415037499278844,1.5813752056547379
1418,1.4922053598013036,1.5615905924394562
1419,1.3417885172482054,1.5762428806804403
1420,1.415037499278844,1.5743131575211102
1421,1.2720795454368008,1.5693990158200872
1422,1.4922053598013036,1.5385098561730723
1423,1.5405683813627027,1.566870502317631
1424,1.4764380439429872,1.5616920571242765
1425,1.4454111483223626,1.5611660125759064
1426,1.5405683813627027,1.5383666008687864
1427,1.4608411888919686,1.566084534546399
1428,1.4922053598013036,1.5645864705389552
1429,1.4922053598013036,1.5775862494240518
1430,1.4454111483223626,1.5677496344393385
1431,1.3561438102252754,1.5626216318722386
1432,1.4922053598013036,1.577712162636855
1433,1.4922053598013036,1.5530329509358336
1434,1.4301443916690522,1.5519655984564327
1435,1.4608411888919686,1.5324696240827314
1436,1.4922053598013036,1.5645870419359997
1437,1.4608411888919686,1.5627873886883916
1438,1.5081469036703252,1.564217336310399
1439,1.3275746580285044,1.5618419578867244
1440,1.4764380439429872,1.5562309419200804
1441,1.4608411888919686,1.5351318638377143
1442,1.2857544823338773,1.5635282823963002
1443,1.4608411888919686,1.5784265778592828
1444,1.3561438102252754,1.5791733737145908
1445,1.4922053598013036,1.5661159286136581
1446,1.5570565041512716,1.5614925126081685
1447,1.4922053598013036,1.540814450680099
1448,1.4000871578128724,1.5769083828862804
1449,1.5081469036703252,1.5629071317583552
1450,1.4301443916690522,1.569655082681601
1451,1.4922053598013036,1.5482083365935584
1452,1.5405683813627027,1.57109569731299
1453,1.4454111483223626,1.5585369733452323
1454,1.3852901558847919,1.5629785600877506
1455,1.3561438102252754,1.567758940522723
1456,1.4000871578128724,1.558877053867993
1457,1.2857544823338773,1.5716136043677298
1458,1.5081469036703252,1.5765850420724414
1459,1.4608411888919686,1.5753470545343904
1460,1.2995602818589078,1.5495520961386762
1461,1.4608411888919686,1.5578883413817848
1462,1.3706433799203903,1.5597678375803108
1463,1.4608411888919686,1.553455054893308
1464,1.573735245297902,1.5556947073351945
1465,1.5242665690336021,1.5480972972005094
1466,1.4454111483223626,1.5737330703613364
1467,1.4764380439429872,1.578211797583196
1468,1.4301443916690522,1.5561759112565543
1469,1.5405683813627027,1.5634799219183775
1470,1.4764380439429872,1.5574302377023717
1471,1.258533013598853,1.5571677305961364
1472,1.5081469036703252,1.5814192689295152
1473,1.5081469036703252,1.5679863047774196
1474,1.3561438102252754,1.578150959177114
1475,1.5081469036703252,1.5480503580649327
1476,1.4301443916690522,1.5740055877819819
1477,1.4301443916690522,1.5813560580569517
1478,1.5242665690336021,1.568429761918028
1479,1.3134994728167817,1.5678791711798636
1480,1.5242665690336021,1.546274966036152
1481,1.5570565041512716,1.5666232767235437
1482,1.5081469036703252,1.542028311861635
1483,1.4301443916690522,1.5609264610459535
1484,1.3852901558847919,1.5743606576535965
1485,1.415037499278844,1.5735688305266182
1486,1.4000871578128724,1.5801374192778086
1487,1.5405683813627027,1.5758520772455191
1488,1.4301443916690522,1.5521388895839077
1489,1.5242665690336021,1.580081207708699
1490,1.4922053598013036,1.5538854439963783
1491,1.4922053598013036,1.5624142769261504
1492,1.5081469036703252,1.567201303887328
1493,1.415037499278844,1.5642623682697534
1494,1.4608411888919686,1.557454037419016
1495,1.5570565041512716,1.579952999961979
1496,1.4454111483223626,1.5337152154042082
1497,1.4922053598013036,1.5695633963893518
1498,1.5242665690336021,1.555079374377681
1499,1.4764380439429872,1.5822044961507686
1500,1.3852901558847919,1.5737538406917722
1501,1.4764380439429872,1.5597325351483455
1502,1.5081469036703252,1.5644953597953912
1503,1.4608411888919686,1.5490822982492594
1504,1.2186402864753405,1.560137024307537
1505,1.5081469036703252,1.557331216447385
1506,1.4764380439429872,1.5802130328432211
1507,1.4301443916690522,1.569438589329731
1508,1.3561438102252754,1.5702986579534537
1509,1.4454111483223626,1.579019076347159
1510,1.4608411888919686,1.5792078745235534
1511,1.415037499278844,1.5707419651041172
1512,1.4764380439429872,1.5559018201566734
1513,1.5242665690336021,1.575625313182849
1514,1.3275746580285044,1.5667419888140048
1515,1.4301443916690522,1.557869185644709
1516,1.5081469036703252,1.5636248098908432
1517,1.4764380439429872,1.5658063973474554
1518,1.415037499278844,1.5623345408428313
1519,1.4922053598013036,1.5296943846054474
1520,1.4454111483223626,1.5667328105658862
1521,1.415037499278844,1.5768001161244165
1522,1.4301443916690522,1.5690722696349189
1523,1.4000871578128724,1.5610855323536914
1524,1.4000871578128724,1.5522183636814646
1525,1.4764380439429872,1.5777445532963832
1526,1.5570565041512716,1.5618200190054903
1527,1.3852901558847919,1.575518775771553
1528,1.5242665690336021,1.5674698477895803
1529,1.4454111483223626,1.5554515606564507
1530,1.5081469036703252,1.5724294865303017
1531,1.3275746580285044,1.5822318451970159
1532,1.4608411888919686,1.567198299960749
1533,1.5242665690336021,1.5690020189801581
1534,1.5081469036703252,1.5568842546322796
1535,1.5570565041512716,1.5732941601299377
1536,1.4301443916690522,1.5797023196651292
1537,1.4764380439429872,1.540269944872829
1538,1.5570565041512716,1.5737945983394628
1539,1.5081469036703252,1.5727332085345391
1540,1.5242665690336021,1.567217264530562
1541,1.4000871578128724,1.543593261168002
1542,1.4922053598013036,1.5628002730039758
1543,1.4608411888919686,1.5786442047546212
1544,1.3852901558847919,1.5593876486378055
1545,1.3706433799203903,1.5441025350034983
1546,1.4922053598013036,1.563782952353447
1547,1.5405683813627027,1.576349906898956
1548,1.4000871578128724,1.5379152828970373
1549,1.4000871578128724,1.561838931061438
1550,1.4608411888919686,1.5743232845814517
1551,1.4922053598013036,1.5409425544516515
1552,1.4454111483223626,1.551585793827429
1553,1.5081469036703252,1.5786077435395653
1554,1.4301443916690522,1.5611887158534494
1555,1.5081469036703252,1.562972688373804
1556,1.4922053598013036,1.5701562433980911
1557,1.4454111483223626,1.5562279437603215
1558,1.4922053598013036,1.5577736011336571
1559,1.4922053598013036,1.574931623408833
1560,1.5081469036703252,1.5772240809780045
1561,1.4764380439429872,1.5667662167308474
1562,1.5081469036703252,1.5451516074727831
1563,1.4764380439429872,1.54532505664016
1564,1.4922053598013036,1.5618637766408145
1565,1.4922053598013036,1.5522804842547067
1566,1.5570565041512716,1.5789723975849799
1567,1.4454111483223626,1.5501628481214256
1568,1.4922053598013036,1.5753102116721973
1569,1.5242665690336021,1.5711719889746152
1570,1.4608411888919686,1.5487414251658005
1571,1.2857544823338773,1.5273670150989909
1572,1.5242665690336021,1.5650800348364184
1573,1.2451124978365316,1.5557751844658634
1574,1.4301443916690522,1.5690366020886162
1575,1.5405683813627027,1.5669941743241544
1576,1.5081469036703252,1.5632166625614792
1577,1.3706433799203903,1.559769291605969
1578,1.3706433799203903,1.559487460802926
1579,1.3852901558847919,1.557727221645311
1580,1.2995602818589078,1.554482860020433
1581,1.5081469036703252,1.5774282713348837
1582,1.4608411888919686,1.564869818709575
1583,1.5242665690336021,1.5673203515197853
1584,1.5405683813627027,1.5361041974059544
1585,1.5405683813627027,1.580972996526362
1586,1.5081469036703252,1.5540577130316455
1587,1.4922053598013036,1.5752349417084273
1588,1.4454111483223626,1.569400541906784
1589,1.4922053598013036,1.5507402080803512
1590,1.5405683813627027,1.5754957211282234
1591,1.5405683813627027,1.5322950313982462
1592,1.3706433799203903,1.5781812674838087
1593,1.4764380439429872,1.572199363039801
1594,1.4764380439429872,1.5666912747199548
1595,1.4301443916690522,1.5638445551819722
1596,1.4454111483223626,1.5574337008639196
1597,1.4608411888919686,1.5578053208462384
1598,1.5242665690336021,1.5448919426057888
1599,1.4922053598013036,1.5588895899255384
1600,1.5405683813627027,1.5476017693466588
1601,1.5081469036703252,1.5676421347813148
1602,1.4922053598013036,1.574199045022304
1603,1.4454111483223626,1.5582519006417124
1604,1.4454111483223626,1.5764088999712278
1605,1.4922053598013036,1.5639820838344125
1606,1.4922053598013036,1.551378278527927
1607,1.4454111483223626,1.5627803955037805
1608,1.3561438102252754,1.5626602197580064
1609,1.4454111483223626,1.5550133402234174
1610,1.4764380439429872,1.5600159206214905
1611,1.5570565041512716,1.5697698625666865
1612,1.3852901558847919,1.5615900582352593
1613,1.3706433799203903,1.5469501136356978
1614,1.5570565041512716,1.5557039004072533
1615,1.5570565041512716,1.5533039336056802
1616,1.4922053598013036,1.5471209038797817
1617,1.4922053598013036,1.5739440383661105
1618,1.5081469036703252,1.5686542608749767
1619,1.4000871578128724,1.5793351990327353
1620,1.4764380439429872,1.5679393298690358
1621,1.415037499278844,1.5667567943259726
1622,1.5242665690336021,1.5595519386943066
1623,1.4301443916690522,1.5726736025342483
1624,1.4608411888919686,1.5775059350332985
1625,1.4764380439429872,1.5789724057812593
1626,1.4922053598013036,1.5529450432179186
1627,1.4922053598013036,1.5370294865415493
1628,1.3417885172482054,1.5675774964621105
1629,1.4000871578128724,1.5638668216482285
1630,1.4301443916690522,1.5553318365699749
1631,1.415037499278844,1.5422035915462335
1632,1.415037499278844,1.5803245275447726
1633,1.4000871578128724,1.5743609265013523
1634,1.3852901558847919,1.570282200915796
1635,1.4454111483223626,1.5623060435120988
1636,1.5242665690336021,1.574047211183162
1637,1.4922053598013036,1.5518816028110625
1638,1.3134994728167817,1.5577122309545337
1639,1.3417885172482054,1.552232375118675
1640,1.4608411888919686,1.573322388481915
1641,1.3561438102252754,1.572098433606193
1642,1.4608411888919686,1.5552798193969115
1643,1.5405683813627027,1.5743353901129957
1644,1.573735245297902,1.5694831120461457
1645,1.5081469036703252,1.5771558050257315
1646,1.4454111483223626,1.566818983210785
1647,1.5081469036703252,1.5562345271686875
1648,1.5570565041512716,1.5607971329593076
1649,1.5405683813627027,1.569186982643745
1650,1.5570565041512716,1.5714995506186111
1651,1.5081469036703252,1.5535106591477268
1652,1.4922053598013036,1.567227900012225
1653,1.4764380439429872,1.5777345227907
1654,1.3852901558847919,1.5641257743516415
1655,1.5405683813627027,1.5746360977063865
1656,1.4764380439429872,1.5786637670865904
1657,1.4301443916690522,1.5628836662810033
1658,1.2451124978365316,1.5570352745168787
1659,1.3417885172482054,1.5678820026274007
1660,1.4608411888919686,1.5764704614453373
1661,1.5242665690336021,1.5630870410915345
1662,1.573735245297902,1.5480326129252113
1663,1.4000871578128724,1.5808761947090049
1664,1.4000871578128724,1.5650806638441719
1665,1.415037499278844,1.5692925187092168
1666,1.4608411888919686,1.5655614949526964
1667,1.4764380439429872,1.5692774605761348
1668,1.4764380439429872,1.5613747465159944
1669,1.5570565041512716,1.5686972273101967
1670,1.4608411888919686,1.575337010470628
1671,1.5242665690336021,1.5664851735407215
1672,1.5081469036703252,1.5616876048785489
1673,1.3561438102252754,1.5590311301478637
1674,1.415037499278844,1.5733603842473358
1675,1.5081469036703252,1.566054410083137
1676,1.415037499278844,1.5384056709512879
1677,1.4922053598013036,1.5670344123148099
1678,1.5405683813627027,1.5594744824362705
1679,1.573735245297902,1.5674955916933873
1680,1.4764380439429872,1.542515700564047
1681,1.4922053598013036,1.5601253105340502
1682,1.4301443916690522,1.5777480451746033
1683,1.4301443916690522,1.5737875084576467
1684,1.4922053598013036,1.5671462863828776
1685,1.4922053598013036,1.5847679555860161
1686,1.4764380439429872,1.5677105846113677
1687,1.4301443916690522,1.5593679845036186
1688,1.415037499278844,1.5823767792912125
1689,1.5242665690336021,1.5782146909126094
1690,1.5570565041512716,1.5420560642590728
1691,1.5405683813627027,1.5636379662595763
1692,1.573735245297902,1.574158157000809
1693,1.5081469036703252,1.5604096750751522
1694,1.5570565041512716,1.5668147199887066
1695,1.5242665690336021,1.5813268978591175
1696,1.4764380439429872,1.5599769293028234
1697,1.3852901558847919,1.577060215182101
1698,1.4922053598013036,1.5760370404784654
1699,1.3417885172482054,1.5554168019137538
1700,1.4000871578128724,1.5398122716849545
1701,1.5242665690336021,1.5679973877490714
1702,1.5242665690336021,1.5646564757788415
1703,1.5570565041512716,1.539315219475405
1704,1.3852901558847919,1.5719296496975532
1705,1.5570565041512716,1.5652577807441304
1706,1.415037499278844,1.567324202208774
1707,1.4000871578128724,1.5700944845590472
1708,1.4764380439429872,1.5657271714985805
1709,1.4000871578128724,1.5611711453419512
1710,1.5570565041512716,1.5710410949734652
1711,1.5405683813627027,1.5729091569435172
1712,1.4764380439429872,1.5633521617160395
1713,1.5242665690336021,1.5526250988452297
1714,1.3561438102252754,1.5717044066156267
1715,1.3561438102252754,1.574053760778637
1716,1.4764380439429872,1.5822620537582004
1717,1.3706433799203903,1.5553978876375592
1718,1.415037499278844,1.5541751501614862
1719,1.4764380439429872,1.5744958434264587
1720,1.4000871578128724,1.5737348561348272
1721,1.4608411888919686,1.5635584589212368
1722,1.4301443916690522,1.5704942447166248
1723,1.4608411888919686,1.5627329646262966
1724,1.5081469036703252,1.5594899050288675
1725,1.4454111483223626,1.5526245086583976
1726,1.5242665690336021,1.571474811167307
1727,1.5081469036703252,1.5587253613361811
1728,1.5405683813627027,1.570736253923517
1729,1.5081469036703252,1.5758949427452975
1730,1.5405683813627027,1.5574365819586504
1731,1.5081469036703252,1.545446381876759
1732,1.5242665690336021,1.5553775575539597
1733,1.5081469036703252,1.5703685395237463
1734,1.4922053598013036,1.574740604606264
1735,1.5570565041512716,1.5516933112697473
1736,1.4608411888919686,1.5665717916358377
1737,1.4301443916690522,1.5683563990672778
1738,1.4000871578128724,1.567685673045366
1739,1.4454111483223626,1.538335391735166
1740,1.2857544823338773,1.5816076230010951
1741,1.4922053598013036,1.5714769144266134
1742,1.5081469036703252,1.5427320287009554
1743,1.2186402864753405,1.555455027089264
1744,1.3706433799203903,1.5591998273538854
1745,1.415037499278844,1.5812884172633244
1746,1.5081469036703252,1.5750433942677413
1747,1.4608411888919686,1.5717187640888768
1748,1.3852901558847919,1.5371689450496253
1749,1.5081469036703252,1.569170010775071
1750,1.5081469036703252,1.5623575764244135
1751,1.5081469036703252,1.5736115775547614
1752,1.5405683813627027,1.551827834799566
1753,1.4454111483223626,1.569604521112124
1754,1.5405683813627027,1.5791408996906764
1755,1.4301443916690522,1.5591997129100235
1756,1.4922053598013036,1.5418595892522429
1757,1.4764380439429872,1.5688867658680363
1758,1.4922053598013036,1.5377479151750775
1759,1.3852901558847919,1.552097883369453
1760,1.3417885172482054,1.5717079407027057
1761,1.5081469036703252,1.5789222723644927
1762,1.5570565041512716,1.5609788577339012
1763,1.3134994728167817,1.5631199254322847
1764,1.4608411888919686,1.5724784324624397
1765,1.5570565041512716,1.5681279067413436
1766,1.3706433799203903,1.5522726296778027
1767,1.5081469036703252,1.5632996376492558
1768,1.3852901558847919,1.5626488656668218
1769,1.5081469036703252,1.547731265225073
1770,1.4454111483223626,1.5738448125138755
1771,1.4301443916690522,1.5744954220985747
1772,1.5081469036703252,1.5608691661255334
1773,1.4922053598013036,1.5433638413979922
1774,1.4608411888919686,1.5528094094838159
1775,1.4301443916690522,1.5699240091131335
1776,1.3852901558847919,1.5546127109211039
1777,1.4922053598013036,1.540452407540311
1778,1.415037499278844,1.5717403159522232
1779,1.5242665690336021,1.5685315458016846
1780,1.4608411888919686,1.562853725046788
1781,1.5242665690336021,1.565895900750262
1782,1.3852901558847919,1.5631195930809973
1783,1.5570565041512716,1.5516329194342997
1784,1.5081469036703252,1.577799971969376
1785,1.5242665690336021,1.5761239773171858
1786,1.5081469036703252,1.5662493368757004
1787,1.4301443916690522,1.5681066862258288
1788,1.4301443916690522,1.5386202087106957
1789,1.4454111483223626,1.5587617897046528
1790,1.4922053598013036,1.5639630030372125
1791,1.4608411888919686,1.5614879183428372
1792,1.3852901558847919,1.5496359926836427
1793,1.4922053598013036,1.5760691946125605
1794,1.5405683813627027,1.5457888329685134
1795,1.2995602818589078,1.5667698424517884
1796,1.5081469036703252,1.5481385357562454
1797,1.3275746580285044,1.568322428661189
1798,1.5570565041512716,1.5771301570764904
1799,1.5081469036703252,1.569665050922719
1800,1.4301443916690522,1.5388666841842387
1801,1.4922053598013036,1.5759419934816525
1802,1.5081469036703252,1.5803878644789744
1803,1.4764380439429872,1.5696786980362147
1804,1.4454111483223626,1.5643315229711448
1805,1.4764380439429872,1.5765199864022366
1806,1.4922053598013036,1.548563672322806
1807,1.3706433799203903,1.5762552865773392
1808,1.415037499278844,1.57590882432699
1809,1.4608411888919686,1.5662475744242872
1810,1.4301443916690522,1.5774067745115852
1811,1.2995602818589078,1.5641467548039398
1812,1.2995602818589078,1.572067774318084
1813,1.5242665690336021,1.5680972544096934
1814,1.4000871578128724,1.5557872164794624
1815,1.2857544823338773,1.5567955837982907
1816,1.4922053598013036,1.553822933095437
1817,1.4454111483223626,1.546331391100804
1818,1.5242665690336021,1.5687243132188593
1819,1.5570565041512716,1.5639364445953423
1820,1.4922053598013036,1.580757168764628
1821,1.4000871578128724,1.5723713053484354
1822,1.415037499278844,1.5563312834943979
1823,1.3706433799203903,1.565264307082194
1824,1.5570565041512716,1.530603393044858
1825,1.4301443916690522,1.5234077153587235
1826,1.4764380439429872,1.5763645647842945
1827,1.5405683813627027,1.5742291382849767
1828,1.4764380439429872,1.5750718880186256
1829,1.3134994728167817,1.570791404730069
1830,1.4608411888919686,1.5605976819603433
1831,1.4764380439429872,1.545206650147408
1832,1.4764380439429872,1.5677416273351144
1833,1.4301443916690522,1.5581329264661046
1834,1.2720795454368008,1.5815156761390394
1835,1.5242665690336021,1.5811396958469461
1836,1.5081469036703252,1.5686957096756216
1837,1.3561438102252754,1.5580820921680885
1838,1.4454111483223626,1.5405501598060123
1839,1.5081469036703252,1.5596580145859646
1840,1.4000871578128724,1.5572317043575516
1841,1.5081469036703252,1.56722705105446
1842,1.5081469036703252,1.5505060934609363
1843,1.5242665690336021,1.5735539135697845
1844,1.3852901558847919,1.572731724579118
1845,1.4454111483223626,1.5749188280797703
1846,1.415037499278844,1.5543719609560045
1847,1.3561438102252754,1.5714744430486633
1848,1.3134994728167817,1.5649383585652334
1849,1.5405683813627027,1.5690106852922368
1850,1.3706433799203903,1.5578850528317703
1851,1.4301443916690522,1.5329256229236252
1852,1.5081469036703252,1.5696016383797513
1853,1.3706433799203903,1.550584388282238
1854,1.4301443916690522,1.549334742351234
1855,1.5242665690336021,1.568976997620049
1856,1.4301443916690522,1.5561145485538632
1857,1.5242665690336021,1.559935814129401
1858,1.4922053598013036,1.5789586312015265
1859,1.5242665690336021,1.5757989117894027
1860,1.5242665690336021,1.5665282560137217
1861,1.5242665690336021,1.5636530102568245
1862,1.258533013598853,1.554256253725799
1863,1.3852901558847919,1.5660566371466036
1864,1.5405683813627027,1.569232825815035
1865,1.4608411888919686,1.580759997533048
1866,1.4922053598013036,1.5461718509578768
1867,1.4922053598013036,1.5701569193832565
1868,1.4608411888919686,1.5621968977359006
1869,1.5405683813627027,1.5759375799598885
1870,1.3417885172482054,1.579966266805365
1871,1.5405683813627027,1.568521233243723
1872,1.4764380439429872,1.581186130801502
1873,1.5081469036703252,1.5425358334417514
1874,1.3852901558847919,1.5740717416653582
1875,1.4301443916690522,1.578198496090753
1876,1.4764380439429872,1.5809793083235606
1877,1.4301443916690522,1.5750538339149212
1878,1.4764380439429872,1.574779211835429
1879,1.4000871578128724,1.5527985027960838
1880,1.4454111483223626,1.561826963518138
1881,1.5081469036703252,1.5654862056364225
1882,1.4454111483223626,1.5689520712352258
1883,1.4764380439429872,1.560379585201425
1884,1.4608411888919686,1.5788788472281035
1885,1.5405683813627027,1.5539637477748953
1886,1.4764380439429872,1.5599489858075615
1887,1.5570565041512716,1.5570017565736898
1888,1.5081469036703252,1.569519791244017
1889,1.4301443916690522,1.549121013829697
1890,1.5242665690336021,1.5759364582608955
1891,1.3417885172482054,1.570537794101268
1892,1.4922053598013036,1.5726034465586385
1893,1.4454111483223626,1.5661170923627807
1894,1.3852901558847919,1.561496647520591
1895,1.3706433799203903,1.5715631055458146
1896,1.3706433799203903,1.5561499234187142
1897,1.5405683813627027,1.5693230036927608
1898,1.4608411888919686,1.571688881448769
1899,1.2995602818589078,1.5775828376512095
1900,1.3417885172482054,1.5741167119732562
1901,1.4301443916690522,1.5749673443511045
1902,1.415037499278844,1.5516470562828955
1903,1.5405683813627027,1.5668360294726627
1904,1.4301443916690522,1.5752960874376654
1905,1.3275746580285044,1.5624988777884894
1906,1.4922053598013036,1.5548616487230666
1907,1.4000871578128724,1.5566415381911904
1908,1.5405683813627027,1.5557462973858591
1909,1.5081469036703252,1.572352058740808
1910,1.4301443916690522,1.5625004797690505
1911,1.3417885172482054,1.5561100736927034
1912,1.4454111483223626,1.5668627673056488
1913,1.4764380439429872,1.5722689367913534
1914,1.3275746580285044,1.5754179982472294
1915,1.5081469036703252,1.5582468239341085
1916,1.4922053598013036,1.5748638444541248
1917,1.4454111483223626,1.5637410239311103
1918,1.415037499278844,1.580707251926087
1919,1.4000871578128724,1.5678766972470324
1920,1.4000871578128724,1.5523774942087007
1921,1.4454111483223626,1.5820796766222243
1922,1.4454111483223626,1.5642264041498763
1923,1.4608411888919686,1.5754672099399691
1924,1.4301443916690522,1.5737209855905931
1925,1.4608411888919686,1.5634393718364556
1926,1.4000871578128724,1.5760780816050661
1927,1.5242665690336021,1.5772292200985731
1928,1.5242665690336021,1.5386931092010707
1929,1.5570565041512716,1.5661612808501435
1930,1.4608411888919686,1.566035618465807
1931,1.5081469036703252,1.5683253955921552
1932,1.5081469036703252,1.5508751482832068
1933,1.4454111483223626,1.5660956044647218
1934,1.4922053598013036,1.559635811024633
1935,1.415037499278844,1.5484403084485276
1936,1.2995602818589078,1.5575449922563644
1937,1.5405683813627027,1.5706849933842184
1938,1.5242665690336021,1.5781099175509963
1939,1.3852901558847919,1.5418229951280706
1940,1.4764380439429872,1.5711052020088718
1941,1.4454111483223626,1.5765368383238993
1942,1.5242665690336021,1.5540447831449045
1943,1.5570565041512716,1.5546706376992816
1944,1.415037499278844,1.5761913017627043
1945,1.5242665690336021,1.5476968514841183
1946,1.5570565041512716,1.5720530272812285
1947,1.4764380439429872,1.5585347102175136
1948,1.4608411888919686,1.555787079216123
1949,1.415037499278844,1.5784619972460472
1950,1.4000871578128724,1.5743502582852034
1951,1.4608411888919686,1.5589453999430534
1952,1.5405683813627027,1.5408774393674738
1953,1.5081469036703252,1.563684634871483
1954,1.4000871578128724,1.5598455920662735
1955,1.4608411888919686,1.5564972962855343
1956,1.5081469036703252,1.5687192666535563
1957,1.415037499278844,1.566649445150773
1958,1.4764380439429872,1.5675190023524626
1959,1.3561438102252754,1.5648813525315088
1960,1.4922053598013036,1.5402685506715659
1961,1.3852901558847919,1.5424595715345057
1962,1.3417885172482054,1.5558244010076139
1963,1.4454111483223626,1.5689282088446885
1964,1.2995602818589078,1.5587685195718806
1965,1.5081469036703252,1.5606141304405723
1966,1.4922053598013036,1.5571202988690753
1967,1.4000871578128724,1.5653649916696533
1968,1.2857544823338773,1.5794767249043522
1969,1.3561438102252754,1.569011327781247
1970,1.5242665690336021,1.569763764304784
1971,1.3275746580285044,1.5558044634050914
1972,1.5405683813627027,1.5661449986873488
1973,1.573735245297902,1.5706108956388107
1974,1.5405683813627027,1.5551170296571524
1975,1.5242665690336021,1.5701842622673283
1976,1.5242665690336021,1.5697419949442226
1977,1.4764380439429872,1.5688535132415906
1978,1.4000871578128724,1.5719591666469033
1979,1.3706433799203903,1.5678613707633537
1980,1.4764380439429872,1.5483542114832174
1981,1.573735245297902,1.5749996678641829
1982,1.4301443916690522,1.5466508843431581
1983,1.5081469036703252,1.5818809138257244
1984,1.573735245297902,1.5651459153795413
1985,1.5081469036703252,1.5507320511426717
1986,1.5242665690336021,1.5759926391103956
1987,1.5242665690336021,1.562983035779813
1988,1.4922053598013036,1.5316402488264613
1989,1.4764380439429872,1.5509357661070002
1990,1.5570565041512716,1.5554506897484466
1991,1.4764380439429872,1.5809200915388173
1992,1.4608411888919686,1.5662018119891665
1993,1.3134994728167817,1.5771971114271393
1994,1.5242665690336021,1.566365478170394
1995,1.4764380439429872,1.5764640894770883
1996,1.5570565041512716,1.5712726701998958
1997,1.3706433799203903,1.5767717492541924
1998,1.5570565041512716,1.5750463648276216
1999,1.4454111483223626,1.5583827817158233
2000,1.415037499278844,1.564408347552384
2001,1.5081469036703252,1.5696906256601963
2002,1.4454111483223626,1.5797340097949115
2003,1.4301443916690522,1.559141228412047
2004,1.3561438102252754,1.5538207838031726
2005,1.4301443916690522,1.5648903669146068
2006,1.5242665690336021,1.5758105661185473
2007,1.4922053598013036,1.5625794908532773
2008,1.3852901558847919,1.5450017464390398
2009,1.4454111483223626,1.5698644890152849
2010,1.4764380439429872,1.581655794815616
2011,1.4922053598013036,1.5539152799040856
2012,1.415037499278844,1.570453820715498
2013,1.3134994728167817,1.5646770965189236
2014,1.4454111483223626,1.5777359979909058
2015,1.4454111483223626,1.5759361903174527
2016,1.4608411888919686,1.5733454695395985
2017,1.4301443916690522,1.5604781959922482
2018,1.4454111483223626,1.5469687682714655
2019,1.4454111483223626,1.5572134409492375
2020,1.4608411888919686,1.5498783393770381
2021,1.3706433799203903,1.5142255175344257
2022,1.3275746580285044,1.5708462904715594
2023,1.4608411888919686,1.5741428767811465
2024,1.3706433799203903,1.5478870586446811
2025,1.4764380439429872,1.5534954275952586
2026,1.4922053598013036,1.574256437446526
2027,1.4764380439429872,1.5733572975114423
2028,1.3852901558847919,1.5803406254097172
2029,1.3561438102252754,1.5591462702346444
2030,1.5081469036703252,1.5515291511671732
2031,1.5242665690336021,1.5708523034599708
2032,1.4301443916690522,1.5715782428295866
2033,1.4301443916690522,1.561089732294467
2034,1.415037499278844,1.5753093510219889
2035,1.4922053598013036,1.5675921541591555
2036,1.5242665690336021,1.5696871364214613
2037,1.3852901558847919,1.5721889459578005
2038,1.5081469036703252,1.5381941637309775
2039,1.5242665690336021,1.555194162652039
2040,1.5081469036703252,1.5659499192837962
2041,1.5405683813627027,1.575792441721625
2042,1.573735245297902,1.5673282106144804
2043,1.5405683813627027,1.5592683995321752
2044,1.4000871578128724,1.5818827187660331
2045,1.3561438102252754,1.5722587431740178
2046,1.5242665690336021,1.5677053675473565
2047,1.4301443916690522,1.573305834723029
2048,1.5242665690336021,1.5723898221633255
2049,1.3134994728167817,1.5488887721154816
2050,1.415037499278844,1.5687093711866114
2051,1.4608411888919686,1.5475778135631246
2052,1.5081469036703252,1.5498549233752588
2053,1.4608411888919686,1.5791165434472416
2054,1.4454111483223626,1.5792464857718955
2055,1.3561438102252754,1.5619325681599512
2056,1.4301443916690522,1.5573420017996975
2057,1.4454111483223626,1.5518100996705682
2058,1.4301443916690522,1.5703435277293285
2059,1.4922053598013036,1.5800472315751641
2060,1.4608411888919686,1.569321855946689
2061,1.4764380439429872,1.5717837374072503
2062,1.5242665690336021,1.5666555082458102
2063,1.3134994728167817,1.5428108481160436
2064,1.5570565041512716,1.5772840811003237
2065,1.2995602818589078,1.5729470525883977
2066,1.415037499278844,1.5622398763404517
2067,1.4764380439429872,1.5339438854960818
2068,1.415037499278844,1.576335744805605
2069,1.4608411888919686,1.5469361470111427
2070,1.5570565041512716,1.5712988180310246
2071,1.2995602818589078,1.5485449919434358
2072,1.5242665690336021,1.5751707981733207
2073,1.4301443916690522,1.554252734621434
2074,1.4000871578128724,1.5688529588082512
2075,1.4000871578128724,1.5657179366642107
2076,1.5570565041512716,1.5687650288672497
2077,1.4922053598013036,1.571766226838508
2078,1.415037499278844,1.5676288858967111
2079,1.3561438102252754,1.584369075160342
2080,1.4608411888919686,1.5674310160273401
2081,1.4764380439429872,1.558514115328624
2082,1.4764380439429872,1.5619055329812794
2083,1.5081469036703252,1.5810160685584298
2084,1.5242665690336021,1.5573405095831818
2085,1.4454111483223626,1.559945609496383
2086,1.3561438102252754,1.5733597744651227
2087,1.4764380439429872,1.5744317588580172
2088,1.5570565041512716,1.5589162450248089
2089,1.4764380439429872,1.5661488900068976
2090,1.3852901558847919,1.546580331529921
2091,1.4922053598013036,1.5521330193817873
2092,1.4764380439429872,1.5687367438663393
2093,1.4454111483223626,1.579101132588736
2094,1.5405683813627027,1.5493221165213273
2095,1.4301443916690522,1.5617364556376447
2096,1.4764380439429872,1.5532924707718752
2097,1.3852901558847919,1.5592048168802066
2098,1.4608411888919686,1.5619720565856798
2099,1.3561438102252754,1.5703294710633922
2100,1.5405683813627027,1.576571366687282
2101,1.5081469036703252,1.5559800632689185
2102,1.3852901558847919,1.5786851252880552
2103,1.4764380439429872,1.5439438270281467
2104,1.5570565041512716,1.5640623028998566
2105,1.2995602818589078,1.5531541775205278
2106,1.4608411888919686,1.5617820912290759
2107,1.4608411888919686,1.573857257334583
2108,1.4922053598013036,1.5522599470315708
2109,1.2720795454368008,1.557541184893541
2110,1.4922053598013036,1.5753524206428346
2111,1.4000871578128724,1.5572658654681657
2112,1.5081469036703252,1.5436644374175457
2113,1.415037499278844,1.5543284682494838
2114,1.5081469036703252,1.5815868901305794
2115,1.4764380439429872,1.5370143847625217
2116,1.4454111483223626,1.5683315508978164
2117,1.4301443916690522,1.5783766532445527
2118,1.4608411888919686,1.5792235520513767
2119,1.5242665690336021,1.5661731752211094
2120,1.4922053598013036,1.5663863607155533
2121,1.4764380439429872,1.5613454306397008
2122,1.5405683813627027,1.544019571142325
2123,1.4608411888919686,1.550556550783246
2124,1.5081469036703252,1.5540793943761468
2125,1.5081469036703252,1.5805944723063952
2126,1.4608411888919686,1.5814600833309962
2127,1.4764380439429872,1.5778237302546323
2128,1.4608411888919686,1.554695015714016
2129,1.3275746580285044,1.5784951299129286
2130,1.4301443916690522,1.5474812481345808
2131,1.5081469036703252,1.5808399301601364
2132,1.4922053598013036,1.5606649375884294
2133,1.3852901558847919,1.5516801090972479
2134,1.4454111483223626,1.5517791306151067
2135,1.2857544823338773,1.5472353500122278
2136,1.4922053598013036,1.580493549233629
2137,1.5405683813627027,1.5716696597413164
2138,1.4764380439429872,1.5764305197234414
2139,1.3417885172482054,1.5638035900894216
2140,1.5081469036703252,1.5545034985856971
2141,1.573735245297902,1.5669483663408745
2142,1.5081469036703252,1.5488996828682524
2143,1.4454111483223626,1.5342470731298934
2144,1.5405683813627027,1.569725381891668
2145,1.573735245297902,1.5623338949173555
2146,1.3275746580285044,1.5713695131854004
2147,1.3417885172482054,1.5682137957297428
2148,1.573735245297902,1.5502555443951473
2149,1.5081469036703252,1.551349488406704
2150,1.3852901558847919,1.57023475579807
2151,1.4608411888919686,1.5631240447407821
2152,1.5081469036703252,1.5519564875098275
2153,1.4608411888919686,1.5291209507395
2154,1.3417885172482054,1.5746825734578425
2155,1.4608411888919686,1.5659332572520752
2156,1.415037499278844,1.5644717724800503
2157,1.4301443916690522,1.5675319141186306
2158,1.4454111483223626,1.5653112117158168
2159,1.5242665690336021,1.564327094855869
2160,1.4000871578128724,1.5396080372274503
2161,1.4608411888919686,1.5612561836589756
2162,1.415037499278844,1.554946768742269
2163,1.5242665690336021,1.5823399550025943
2164,1.4608411888919686,1.5604046156017732
2165,1.4764380439429872,1.5502260794945402
2166,1.4764380439429872,1.5798846445538939
2167,1.2995602818589078,1.5433941970264828
2168,1.4764380439429872,1.5572402930271745
2169,1.4608411888919686,1.5699452946658032
2170,1.4922053598013036,1.5738834493815177
2171,1.5242665690336021,1.5524156142004908
2172,1.573735245297902,1.5618162781862166
2173,1.4000871578128724,1.5649378622893266
2174,1.4301443916690522,1.5805363797556504
2175,1.4922053598013036,1.5643253459476119
2176,1.415037499278844,1.5597886838838724
2177,1.4764380439429872,1.5659782608416715
2178,1.4764380439429872,1.550038125737362
2179,1.4454111483223626,1.5715980468193658
2180,1.3852901558847919,1.5601602351379242
2181,1.3852901558847919,1.5645724224527957
2182,1.5405683813627027,1.5482161406082053
2183,1.4301443916690522,1.5639985699376808
2184,1.5081469036703252,1.5615794847479487
2185,1.5081469036703252,1.5548581502851844
2186,1.3275746580285044,1.5417913493764113
2187,1.5242665690336021,1.5099420625025883
2188,1.4608411888919686,1.5662332576274827
2189,1.5570565041512716,1.5633817599493145
2190,1.5081469036703252,1.5652064677460007
2191,1.415037499278844,1.5608045416814087
2192,1.5081469036703252,1.5689185432167705
2193,1.4608411888919686,1.574331439027063
2194,1.5081469036703252,1.5667512571411457
2195,1.5405683813627027,1.5653479957635983
2196,1.5242665690336021,1.5700480018437115
2197,1.3706433799203903,1.5400417029102087
2198,1.5081469036703252,1.5765726458744227
2199,1.4301443916690522,1.5454143788315702
2200,1.3706433799203903,1.5655194939212607
2201,1.4000871578128724,1.5553002501675652
2202,1.4000871578128724,1.5768247662098762
2203,1.3706433799203903,1.547255244146636
2204,1.5570565041512716,1.5644169992021697
2205,1.5242665690336021,1.56526354195596
2206,1.4608411888919686,1.5588630504179748
2207,1.5242665690336021,1.5248055429283958
2208,1.5081469036703252,1.5615460133480763
2209,1.5242665690336021,1.5685496320335104
2210,1.5242665690336021,1.5718723643661783
2211,1.4922053598013036,1.5478736560904236
2212,1.415037499278844,1.573452209663957
2213,1.5081469036703252,1.570154464427966
2214,1.4000871578128724,1.5697660094882573
2215,1.4608411888919686,1.5488880387475075
2216,1.4922053598013036,1.519205915153743
2217,1.5081469036703252,1.54700775759768
2218,1.4608411888919686,1.571063584635709
2219,1.4000871578128724,1.5559625121778355
2220,1.2451124978365316,1.5687653259017214
2221,1.5081469036703252,1.5372666244971505
2222,1.415037499278844,1.5390294917119378
2223,1.3561438102252754,1.5570136677769182
2224,1.4922053598013036,1.5432674070328904
2225,1.2857544823338773,1.5724100059723638
2226,1.5570565041512716,1.579936985497998
2227,1.5570565041512716,1.5501673065649113
2228,1.3561438102252754,1.5461268410111721
2229,1.4454111483223626,1.574109104240983
2230,1.5242665690336021,1.5771715240233075
2231,1.4301443916690522,1.5715129656021365
2232,1.4608411888919686,1.5737403637648864
2233,1.5242665690336021,1.563715061228119
2234,1.4764380439429872,1.567434492228914
2235,1.4301443916690522,1.563976711690361
2236,1.5081469036703252,1.5678234498619543
2237,1.3417885172482054,1.5581995110452704
2238,1.4454111483223626,1.5764894262580524
2239,1.4301443916690522,1.5515266746569776
2240,1.5081469036703252,1.577467845784182
2241,1.258533013598853,1.5549643819797263
2242,1.5081469036703252,1.5540234738387142
2243,1.4301443916690522,1.556662890948259
2244,1.4922053598013036,1.5820067620699627
2245,1.5570565041512716,1.5604545117226376
2246,1.573735245297902,1.5477469765756862
2247,1.5242665690336021,1.5677610134478552
2248,1.4764380439429872,1.5806685153948317
2249,1.3852901558847919,1.5549743413963777
2250,1.5570565041512716,1.5651161135060634
2251,1.4764380439429872,1.575614438995069
2252,1.258533013598853,1.5761304468099557
2253,1.4301443916690522,1.568195961111504
2254,1.5242665690336021,1.562443972797104
2255,1.4608411888919686,1.5562816364971999
2256,1.5242665690336021,1.5612764555598406
2257,1.4301443916690522,1.5662901141885885
2258,1.4454111483223626,1.5769715049408284
2259,1.5405683813627027,1.5595967264211414
2260,1.4454111483223626,1.5653382179674358
2261,1.4301443916690522,1.5628447942117683
2262,1.4922053598013036,1.572065584855007
2263,1.4922053598013036,1.5602076053255982
2264,1.415037499278844,1.5518562881283613
2265,1.5242665690336021,1.5672902432210338
2266,1.4454111483223626,1.5655368957040066
2267,1.5405683813627027,1.5629453494716283
2268,1.5081469036703252,1.5795175505636823
2269,1.5405683813627027,1.5519546788772671
2270,1.4301443916690522,1.5649827191182701
2271,1.4608411888919686,1.5573996469492397
2272,1.4764380439429872,1.574723618235939
2273,1.5405683813627027,1.5663423833095056
2274,1.3417885172482054,1.5579966459751318
2275,1.415037499278844,1.5738158027566609
2276,1.5405683813627027,1.5688999559619523
2277,1.4764380439429872,1.5640331816269326
2278,1.573735245297902,1.5801303763918644
2279,1.4000871578128724,1.5484189944630047
2280,1.4764380439429872,1.5746457882638565
2281,1.4454111483223626,1.5787372083991313
2282,1.4301443916690522,1.5698562242149712
2283,1.5405683813627027,1.5756709325857072
2284,1.3852901558847919,1.5637995620319296
2285,1.3417885172482054,1.5500033715659256
2286,1.4922053598013036,1.556029170797066
2287,1.4608411888919686,1.5760331704219832
2288,1.573735245297902,1.558599312468347
2289,1.5081469036703252,1.5709599844908957
2290,1.3275746580285044,1.576808232156741
2291,1.3417885172482054,1.5708807052284528
2292,1.5081469036703252,1.5708991415948157
2293,1.4922053598013036,1.5525736645064505
2294,1.4764380439429872,1.5766414882801707
2295,1.415037499278844,1.5701549934471468
2296,1.2995602818589078,1.5634236158425163
2297,1.5081469036703252,1.5588225204816035
2298,1.4000871578128724,1.5813882797653944
2299,1.5242665690336021,1.565499437358753
2300,1.5242665690336021,1.546661276766978
2301,1.4608411888919686,1.5665483457952274
2302,1.3706433799203903,1.5762427101311571
2303,1.3706433799203903,1.5723138334651332
2304,1.4608411888919686,1.579197646368177
2305,1.3706433799203903,1.5732996613728876
2306,1.5405683813627027,1.5671327243885034
2307,1.5242665690336021,1.562960518202221
2308,1.4454111483223626,1.5590241246923513
2309,1.5081469036703252,1.5655956971326908
2310,1.3417885172482054,1.5735441481657446
2311,1.4000871578128724,1.5553180352071805
2312,1.3706433799203903,1.5755855142704434
2313,1.4000871578128724,1.560603044378475
2314,1.4764380439429872,1.5713260339785697
2315,1.5242665690336021,1.5601771307764278
2316,1.5242665690336021,1.581466789816949
2317,1.4454111483223626,1.563697858667233
2318,1.4764380439429872,1.545809623983342
2319,1.4301443916690522,1.5741169248071816
2320,1.4608411888919686,1.5507251007645853
2321,1.4764380439429872,1.556260117241887
2322,1.4000871578128724,1.5484607653108866
2323,1.5405683813627027,1.5672574602786782
2324,1.4301443916690522,1.5793839055570424
2325,1.3852901558847919,1.5661008342912122
2326,1.415037499278844,1.5353071779276086
2327,1.4301443916690522,1.5829694088210766
2328,1.4764380439429872,1.5822710855242794
2329,1.415037499278844,1.5554905156238799
2330,1.4764380439429872,1.553935496982539
2331,1.4764380439429872,1.55845823595887
2332,1.5570565041512716,1.550789935388124
2333,1.5081469036703252,1.5656506005915514
2334,1.5242665690336021,1.5703237732393296
2335,1.4454111483223626,1.5817540700391477
2336,1.5242665690336021,1.5425909569312022
2337,1.5081469036703252,1.5662286684989644
2338,1.4000871578128724,1.5570029498464626
2339,1.415037499278844,1.5523706365723289
2340,1.4301443916690522,1.5770915212524037
2341,1.4454111483223626,1.5742056599690841
2342,1.5081469036703252,1.5804297353195318
